[2026-06-12 07:29:47] スキップ（未整形・Blogger形式）: content/posts/post-20260422-22.md
[2026-06-12 07:29:47] スキップ（未整形・Blogger形式）: content/posts/post-20260425-69.md
[2026-06-12 07:29:47] スキップ（未整形・Blogger形式）: content/posts/post-20260426-11.md
[2026-06-12 07:29:47] スキップ（未整形・Blogger形式）: content/posts/post-20260430-61.md
[2026-06-12 07:29:47] スキップ（未整形・Blogger形式）: content/posts/post-20260504-12.md
[2026-06-12 07:29:47] スキップ（未整形・Blogger形式）: content/posts/post-20260504-56.md
[2026-06-12 07:29:47] スキップ（未整形・Blogger形式）: content/posts/post-20260504-9.md
[2026-06-12 07:29:47] スキップ（未整形・Blogger形式）: content/posts/post-20260508-67.md
[2026-06-12 07:29:47] スキップ（未整形・Blogger形式）: content/posts/post-20260511-46.md
[2026-06-12 07:29:47] スキップ（未整形・Blogger形式）: content/posts/post-20260511-70.md
[2026-06-12 07:29:47] スキップ（未整形・Blogger形式）: content/posts/post-20260518-26.md
[2026-06-12 07:29:47] スキップ（未整形・Blogger形式）: content/posts/post-20260518-38.md
[2026-06-15 09:11:48] 公開開始: content/posts/post-20260422-22.md (【給食参観】遅刻と、ファンサと、謎の自信。)
📝 公開する記事: "【給食参観】遅刻と、ファンサと、謎の自信。"
📅 公開日を 2026-06-15 に設定します
✅ フロントマターを更新しました
🔨 サイトをビルドしています...
WARN  deprecated: project config key languageCode was deprecated in Hugo v0.158.0 and will be removed in a future release. Use locale instead.
Start building sites … 
hugo v0.162.1+extended+withdeploy darwin/arm64 BuildDate=2026-05-28T17:40:44Z VendorInfo=Homebrew

WARN  deprecated: .Language.LanguageDirection was deprecated in Hugo v0.158.0 and will be removed in a future release. Use .Language.Direction instead.
WARN  deprecated: .Language.LanguageCode was deprecated in Hugo v0.158.0 and will be removed in a future release. Use .Language.Locale instead.

                  │ JA  
──────────────────┼─────
 Pages            │ 238 
 Paginator pages  │  10 
 Non-page files   │   0 
 Static files     │  37 
 Processed images │   0 
 Aliases          │  85 
 Cleaned          │   0 

Total in 421 ms
✅ ビルド完了
[main f8effe3] 記事を公開: "【給食参観】遅刻と、ファンサと、謎の自信。"
 337 files changed, 2780 insertions(+), 56987 deletions(-)
 create mode 100644 public/images/offkai-ai-blog.png
 create mode 100644 public/images/oikkowifi.png
 create mode 100644 public/posts/post-20260422-22/index.html
 create mode 100644 "public/tags/1\345\271\264\347\224\237/index.html"
 create mode 100644 "public/tags/1\345\271\264\347\224\237/index.xml"
 create mode 100644 "public/tags/1\345\271\264\347\224\237/page/1/index.html"
 create mode 100644 "public/tags/\345\255\246\346\240\241\350\241\214\344\272\213/index.html"
 create mode 100644 "public/tags/\345\255\246\346\240\241\350\241\214\344\272\213/index.xml"
 create mode 100644 "public/tags/\345\255\246\346\240\241\350\241\214\344\272\213/page/1/index.html"
 create mode 100644 "public/tags/\347\265\246\351\243\237\345\217\202\350\246\263/index.html"
 create mode 100644 "public/tags/\347\265\246\351\243\237\345\217\202\350\246\263/index.xml"
 create mode 100644 "public/tags/\347\265\246\351\243\237\345\217\202\350\246\263/page/1/index.html"
error: RPC failed; curl 55 Send failure: Broken pipe
send-pack: unexpected disconnect while reading sideband packet
fatal: the remote end hung up unexpectedly
Everything up-to-date
[2026-06-15 09:27:53] 公開失敗: 【給食参観】遅刻と、ファンサと、謎の自信。 （詳細は auto-publish.log を確認）
[2026-06-18 07:23:51] 公開開始: content/posts/post-20260425-69.md (【爆笑】そこまでやる！？長男流・タッチタイピング強制修行)
📝 公開する記事: "【爆笑】そこまでやる！？長男流・タッチタイピング強制修行"
📅 公開日を 2026-06-18 に設定します
✅ フロントマターを更新しました
🔨 サイトをビルドしています...
WARN  deprecated: project config key languageCode was deprecated in Hugo v0.158.0 and will be removed in a future release. Use locale instead.
Start building sites … 
hugo v0.162.1+extended+withdeploy darwin/arm64 BuildDate=2026-05-28T17:40:44Z VendorInfo=Homebrew

WARN  deprecated: .Language.LanguageDirection was deprecated in Hugo v0.158.0 and will be removed in a future release. Use .Language.Direction instead.
WARN  deprecated: .Language.LanguageCode was deprecated in Hugo v0.158.0 and will be removed in a future release. Use .Language.Locale instead.

                  │ JA  
──────────────────┼─────
 Pages            │ 245 
 Paginator pages  │  10 
 Non-page files   │   0 
 Static files     │  39 
 Processed images │   0 
 Aliases          │  88 
 Cleaned          │   0 

Total in 559 ms
✅ ビルド完了
[main fbcc7e1] 記事を公開: "【爆笑】そこまでやる！？長男流・タッチタイピング強制修行"
 40 files changed, 126 insertions(+), 61 deletions(-)
 create mode 100644 public/images/sakotumadegakao.png
 create mode 100644 public/images/tyonan-piano.png
 create mode 100644 public/posts/post-20260425-69/index.html
 create mode 100644 "public/tags/6\345\271\264\347\224\237/index.html"
 create mode 100644 "public/tags/6\345\271\264\347\224\237/index.xml"
 create mode 100644 "public/tags/6\345\271\264\347\224\237/page/1/index.html"
 create mode 100644 "public/tags/\343\202\277\343\202\244\343\203\224\343\203\263\343\202\260/index.html"
 create mode 100644 "public/tags/\343\202\277\343\202\244\343\203\224\343\203\263\343\202\260/index.xml"
 create mode 100644 "public/tags/\343\202\277\343\202\244\343\203\224\343\203\263\343\202\260/page/1/index.html"
 create mode 100644 "public/tags/\345\255\220\343\201\251\343\202\202\343\201\256\347\231\272\346\203\263/index.html"
 create mode 100644 "public/tags/\345\255\220\343\201\251\343\202\202\343\201\256\347\231\272\346\203\263/index.xml"
 create mode 100644 "public/tags/\345\255\220\343\201\251\343\202\202\343\201\256\347\231\272\346\203\263/page/1/index.html"
To https://github.com/ayumimblog/my-blog.git
   1fa0481..fbcc7e1  main -> main
✅ git push 完了
🚀 Cloudflareへデプロイしています...

 ⛅️ wrangler 4.101.0
────────────────────

Cloudflare collects anonymous telemetry about your usage of Wrangler. Learn more at https://github.com/cloudflare/workers-sdk/tree/main/packages/wrangler/telemetry.md
🌀 Building list of assets...
✨ Read 725 files from the assets directory /Users/moritouayumi/my-blog/public
🌀 Starting asset upload...
🌀 Found 37 new or modified static assets to upload. Proceeding with upload...
+ /tags/6年生/page/1/index.html
+ /tags/6年生/index.xml
+ /tags/クスッと笑える/index.xml
+ /.DS_Store
+ /tags/子どもの発想/index.html
+ /tags/長男/index.html
+ /posts/index.html
+ /posts/page/3/index.html
+ /page/2/index.html
+ /index.html
+ /posts/post-20260425-69/index.html
+ /tags/index.xml
+ /index.json
+ /tags/タイピング/page/1/index.html
+ /tags/タイピング/index.xml
+ /tags/育児あるある/index.xml
+ /tags/6年生/index.html
+ /tags/クスッと笑える/index.html
+ /posts/page/6/index.html
+ /posts/page/5/index.html
+ /posts/page/2/index.html
+ /posts/page/4/index.html
+ /posts/post-20260422-22/index.html
+ /tags/index.html
+ /posts/index.xml
+ /tags/子どもの発想/page/1/index.html
+ /tags/子どもの発想/index.xml
+ /tags/長男/index.xml
+ /tags/タイピング/index.html
+ /tags/育児あるある/index.html
+ /page/6/index.html
+ /page/5/index.html
+ /page/3/index.html
+ /page/4/index.html
+ /sitemap.xml
+ /archives/index.html
+ /index.xml
Uploaded 12 of 37 assets
Uploaded 25 of 37 assets
Uploaded 37 of 37 assets
✨ Success! Uploaded 37 files (347 already uploaded) (3.14 sec)

Total Upload: 0.33 KiB / gzip: 0.24 KiB
Uploaded my-blog (7.02 sec)
Deployed my-blog triggers (0.98 sec)
  https://my-blog.ayumisenteng.workers.dev
Current Version ID: 8fabffe0-cd5d-492a-bcb6-8d1b7bdecd43
npm notice
npm notice New minor version of npm available! 11.12.1 -> 11.17.0
npm notice Changelog: https://github.com/npm/cli/releases/tag/v11.17.0
npm notice To update run: npm install -g npm@11.17.0
npm notice

🎉 公開作業がすべて完了しました！
数分後に https://3nin-dotabata.com で確認してみてください。
[2026-06-18 07:24:18] 公開成功: 【爆笑】そこまでやる！？長男流・タッチタイピング強制修行
[2026-06-18 09:07:35] 公開開始: content/posts/post-20260426-11.md (【悲報】わが家に「自称モデル」が現れた結果)
📝 公開する記事: "【悲報】わが家に「自称モデル」が現れた結果"
📅 公開日を 2026-06-18 に設定します
✅ フロントマターを更新しました
🔨 サイトをビルドしています...
WARN  deprecated: project config key languageCode was deprecated in Hugo v0.158.0 and will be removed in a future release. Use locale instead.
Start building sites … 
hugo v0.162.1+extended+withdeploy darwin/arm64 BuildDate=2026-05-28T17:40:44Z VendorInfo=Homebrew

WARN  deprecated: .Language.LanguageDirection was deprecated in Hugo v0.158.0 and will be removed in a future release. Use .Language.Direction instead.
WARN  deprecated: .Language.LanguageCode was deprecated in Hugo v0.158.0 and will be removed in a future release. Use .Language.Locale instead.

                  │ JA  
──────────────────┼─────
 Pages            │ 246 
 Paginator pages  │  10 
 Non-page files   │   0 
 Static files     │  40 
 Processed images │   0 
 Aliases          │  88 
 Cleaned          │   0 

Total in 551 ms
✅ ビルド完了
[main 101638f] 記事を公開: "【悲報】わが家に「自称モデル」が現れた結果"
 35 files changed, 104 insertions(+), 70 deletions(-)
 create mode 100644 public/images/butenarock.png
 create mode 100644 public/posts/post-20260426-11/index.html
error: unable to rewind rpc post data - try increasing http.postBuffer
error: unable to rewind rpc post data - try increasing http.postBuffer
[2026-06-22 07:26:40] 公開開始: content/posts/post-20260430-61.md (恐怖の「最終兵器」は封印せよ！車の中は超厳戒態勢！)
📝 公開する記事: "恐怖の「最終兵器」は封印せよ！車の中は超厳戒態勢！"
📅 公開日を 2026-06-22 に設定します
✅ フロントマターを更新しました
🔨 サイトをビルドしています...
WARN  deprecated: project config key languageCode was deprecated in Hugo v0.158.0 and will be removed in a future release. Use locale instead.
Start building sites … 
hugo v0.162.1+extended+withdeploy darwin/arm64 BuildDate=2026-05-28T17:40:44Z VendorInfo=Homebrew

WARN  deprecated: .Language.LanguageDirection was deprecated in Hugo v0.158.0 and will be removed in a future release. Use .Language.Direction instead.
WARN  deprecated: .Language.LanguageCode was deprecated in Hugo v0.158.0 and will be removed in a future release. Use .Language.Locale instead.

                  │ JA  
──────────────────┼─────
 Pages            │ 249 
 Paginator pages  │  10 
 Non-page files   │   0 
 Static files     │  48 
 Processed images │   0 
 Aliases          │  89 
 Cleaned          │   0 

Total in 416 ms
✅ ビルド完了
[main 20f38f9] 記事を公開: "恐怖の「最終兵器」は封印せよ！車の中は超厳戒態勢！"
 45 files changed, 104 insertions(+), 63 deletions(-)
 create mode 100644 public/images/bouningen-jinan.png
 create mode 100644 public/images/bouningen-tyojo.png
 create mode 100644 public/images/bouningen-tyonan.png
 create mode 100644 public/images/jinan-asakaradance.png
 create mode 100644 public/images/makkurameiro-jinan.png
 create mode 100644 public/images/thonan-hasibako.png
 create mode 100644 public/images/tyonan-piano-zawatuki.png
 create mode 100644 public/images/tyonan-sabayomi.png
 create mode 100644 public/posts/post-20260430-61/index.html
 create mode 100644 "public/tags/\343\201\212\345\207\272\343\201\213\343\201\221/index.html"
 create mode 100644 "public/tags/\343\201\212\345\207\272\343\201\213\343\201\221/index.xml"
 create mode 100644 "public/tags/\343\201\212\345\207\272\343\201\213\343\201\221/page/1/index.html"
To https://github.com/ayumimblog/my-blog.git
   99a355f..20f38f9  main -> main
✅ git push 完了
🚀 Cloudflareへデプロイしています...

 ⛅️ wrangler 4.103.0
────────────────────

Cloudflare collects anonymous telemetry about your usage of Wrangler. Learn more at https://github.com/cloudflare/workers-sdk/tree/main/packages/wrangler/telemetry.md
🌀 Building list of assets...
✨ Read 744 files from the assets directory /Users/moritouayumi/my-blog/public
🌀 Starting asset upload...
🌀 Found 40 new or modified static assets to upload. Proceeding with upload...
+ /tags/お出かけ/page/1/index.html
+ /tags/ドタバタ日常/index.xml
+ /tags/育児あるある/index.xml
+ /images/.DS_Store
+ /tags/ドタバタ日常/index.html
+ /tags/育児あるある/index.html
+ /posts/page/5/index.html
+ /posts/page/3/index.html
+ /posts/page/2/index.html
+ /posts/page/6/index.html
+ /posts/post-20260422-22/index.html
+ /posts/post-20260425-69/index.html
+ /tags/index.xml
+ /index.json
+ /tags/お出かけ/index.xml
+ /tags/次男/index.xml
+ /tags/長男/index.xml
+ /tags/お出かけ/index.html
+ /tags/クスッと笑える/index.html
+ /tags/長男/index.html
+ /page/5/index.html
+ /page/3/index.html
+ /page/4/index.html
+ /page/6/index.html
+ /posts/post-20260430-61/index.html
+ /tags/index.html
+ /posts/index.xml
+ /tags/6年生/index.xml
+ /tags/クスッと笑える/index.xml
+ /.DS_Store
+ /tags/6年生/index.html
+ /tags/次男/index.html
+ /posts/index.html
+ /index.html
+ /posts/page/4/index.html
+ /page/2/index.html
+ /posts/post-20260426-11/index.html
+ /sitemap.xml
+ /archives/index.html
+ /index.xml
Uploaded 13 of 40 assets
Uploaded 26 of 40 assets
Uploaded 40 of 40 assets
✨ Success! Uploaded 40 files (358 already uploaded) (1.65 sec)

Total Upload: 0.33 KiB / gzip: 0.24 KiB
Uploaded my-blog (5.01 sec)
Deployed my-blog triggers (0.75 sec)
  https://my-blog.ayumisenteng.workers.dev
Current Version ID: fed2a3d4-6478-442f-9c1c-605beddb0c30

🎉 公開作業がすべて完了しました！
数分後に https://3nin-dotabata.com で確認してみてください。
[2026-06-22 07:27:09] 公開成功: 恐怖の「最終兵器」は封印せよ！車の中は超厳戒態勢！
[2026-06-22 09:12:33] 公開開始: content/posts/post-20260504-12.md (無限ループの罠！？ふわふわ遊具で1時間半遊び倒した休日)
📝 公開する記事: "無限ループの罠！？ふわふわ遊具で1時間半遊び倒した休日"
📅 公開日を 2026-06-22 に設定します
✅ フロントマターを更新しました
🔨 サイトをビルドしています...
WARN  deprecated: project config key languageCode was deprecated in Hugo v0.158.0 and will be removed in a future release. Use locale instead.
Start building sites … 
hugo v0.162.1+extended+withdeploy darwin/arm64 BuildDate=2026-05-28T17:40:44Z VendorInfo=Homebrew

WARN  deprecated: .Language.LanguageDirection was deprecated in Hugo v0.158.0 and will be removed in a future release. Use .Language.Direction instead.
WARN  deprecated: .Language.LanguageCode was deprecated in Hugo v0.158.0 and will be removed in a future release. Use .Language.Locale instead.

                  │ JA  
──────────────────┼─────
 Pages            │ 254 
 Paginator pages  │  12 
 Non-page files   │   0 
 Static files     │  48 
 Processed images │   0 
 Aliases          │  91 
 Cleaned          │   0 

Total in 259 ms
✅ ビルド完了
[main 5c9e14b] 記事を公開: "無限ループの罠！？ふわふわ遊具で1時間半遊び倒した休日"
 39 files changed, 138 insertions(+), 68 deletions(-)
 create mode 100644 public/page/7/index.html
 create mode 100644 public/posts/page/7/index.html
 create mode 100644 public/posts/post-20260504-12/index.html
 create mode 100644 "public/tags/\344\274\221\346\227\245/index.html"
 create mode 100644 "public/tags/\344\274\221\346\227\245/index.xml"
 create mode 100644 "public/tags/\344\274\221\346\227\245/page/1/index.html"
 create mode 100644 "public/tags/\345\205\254\345\234\222\351\201\212\343\201\263/index.html"
 create mode 100644 "public/tags/\345\205\254\345\234\222\351\201\212\343\201\263/index.xml"
 create mode 100644 "public/tags/\345\205\254\345\234\222\351\201\212\343\201\263/page/1/index.html"
To https://github.com/ayumimblog/my-blog.git
   20f38f9..5c9e14b  main -> main
✅ git push 完了
🚀 Cloudflareへデプロイしています...

 ⛅️ wrangler 4.103.0
────────────────────
🌀 Building list of assets...
✨ Read 762 files from the assets directory /Users/moritouayumi/my-blog/public
🌀 Starting asset upload...
🌀 Found 37 new or modified static assets to upload. Proceeding with upload...
+ /tags/休日/page/1/index.html
+ /tags/公園遊び/index.xml
+ /tags/クスッと笑える/index.xml
+ /tags/公園遊び/index.html
+ /tags/お出かけ/index.html
+ /tags/育児あるある/index.html
+ /posts/page/3/index.html
+ /page/3/index.html
+ /page/2/index.html
+ /page/6/index.html
+ /sitemap.xml
+ /archives/index.html
+ /index.xml
+ /tags/公園遊び/page/1/index.html
+ /tags/お出かけ/index.xml
+ /tags/育児あるある/index.xml
+ /posts/page/7/index.html
+ /tags/ドタバタ日常/index.html
+ /posts/index.html
+ /index.html
+ /posts/page/2/index.html
+ /page/4/index.html
+ /posts/post-20260430-61/index.html
+ /posts/post-20260504-12/index.html
+ /tags/index.xml
+ /tags/休日/index.xml
+ /tags/ドタバタ日常/index.xml
+ /tags/休日/index.html
+ /page/7/index.html
+ /tags/クスッと笑える/index.html
+ /posts/page/5/index.html
+ /page/5/index.html
+ /posts/page/4/index.html
+ /posts/page/6/index.html
+ /posts/post-20260425-69/index.html
+ /tags/index.html
+ /posts/index.xml
Uploaded 12 of 37 assets
Uploaded 24 of 37 assets
Uploaded 37 of 37 assets
✨ Success! Uploaded 37 files (370 already uploaded) (1.43 sec)

Total Upload: 0.33 KiB / gzip: 0.24 KiB
Uploaded my-blog (5.76 sec)

[33m▲ [43;33m[[43;30mWARNING[43;33m][0m [1mA fetch request failed, likely due to a connectivity issue.[0m

  
  Common causes:
    - No internet connection or network connectivity problems
    - Firewall or VPN blocking the request
    - Network proxy configuration issues
  
  Please check your network connection and try again.


[31m✘ [41;31m[[41;97mERROR[41;31m][0m [1mfetch failed[0m


[32mIf you think this is a bug then please create an issue at https://github.com/cloudflare/workers-sdk/issues/new/choose[0m
🪵  Logs were written to "/Users/moritouayumi/Library/Preferences/.wrangler/logs/wrangler-2026-06-22_00-29-43_248.log"
[2026-06-22 09:47:10] 公開失敗: 無限ループの罠！？ふわふわ遊具で1時間半遊び倒した休日 （詳細は auto-publish.log を確認）
[2026-06-25 09:07:58] 公開開始: content/posts/post-20260504-12.md (無限ループの罠！？ふわふわ遊具で1時間半遊び倒した休日)
📝 公開する記事: "無限ループの罠！？ふわふわ遊具で1時間半遊び倒した休日"
📅 公開日を 2026-06-25 に設定します
✅ フロントマターを更新しました
🔨 サイトをビルドしています...
WARN  deprecated: project config key languageCode was deprecated in Hugo v0.158.0 and will be removed in a future release. Use locale instead.
Start building sites … 
hugo v0.162.1+extended+withdeploy darwin/arm64 BuildDate=2026-05-28T17:40:44Z VendorInfo=Homebrew

WARN  deprecated: .Language.LanguageDirection was deprecated in Hugo v0.158.0 and will be removed in a future release. Use .Language.Direction instead.
WARN  deprecated: .Language.LanguageCode was deprecated in Hugo v0.158.0 and will be removed in a future release. Use .Language.Locale instead.

                  │ JA  
──────────────────┼─────
 Pages            │ 254 
 Paginator pages  │  12 
 Non-page files   │   0 
 Static files     │  51 
 Processed images │   0 
 Aliases          │  91 
 Cleaned          │   0 

Total in 512 ms
✅ ビルド完了
[main f5209f0] 記事を公開: "無限ループの罠！？ふわふわ遊具で1時間半遊び倒した休日"
 38 files changed, 135 insertions(+), 65 deletions(-)
 create mode 100644 public/page/7/index.html
 create mode 100644 public/posts/page/7/index.html
 create mode 100644 public/posts/post-20260504-12/index.html
 create mode 100644 "public/tags/\344\274\221\346\227\245/index.html"
 create mode 100644 "public/tags/\344\274\221\346\227\245/index.xml"
 create mode 100644 "public/tags/\344\274\221\346\227\245/page/1/index.html"
 create mode 100644 "public/tags/\345\205\254\345\234\222\351\201\212\343\201\263/index.html"
 create mode 100644 "public/tags/\345\205\254\345\234\222\351\201\212\343\201\263/index.xml"
 create mode 100644 "public/tags/\345\205\254\345\234\222\351\201\212\343\201\263/page/1/index.html"
To https://github.com/ayumimblog/my-blog.git
 ! [remote rejected] main -> main (cannot lock ref 'refs/heads/main': is at f5209f06d295de8d9dcf8a7824f85cb90c873939 but expected 55bb2bffdfd2c45b6d27e8243c1cac08618a469b)
error: failed to push some refs to 'https://github.com/ayumimblog/my-blog.git'
[2026-06-25 20:40:51] 公開失敗: 無限ループの罠！？ふわふわ遊具で1時間半遊び倒した休日 （詳細は auto-publish.log を確認）
[2026-06-29 09:05:46] 公開開始: content/posts/post-20260504-56.md (甥っ子の迷言！？「半袖の長ズボン」という新ファッション)
📝 公開する記事: "甥っ子の迷言！？「半袖の長ズボン」という新ファッション"
📅 公開日を 2026-06-29 に設定します
✅ フロントマターを更新しました
🔨 サイトをビルドしています...
WARN  deprecated: project config key languageCode was deprecated in Hugo v0.158.0 and will be removed in a future release. Use locale instead.
Start building sites … 
hugo v0.162.1+extended+withdeploy darwin/arm64 BuildDate=2026-05-28T17:40:44Z VendorInfo=Homebrew

WARN  deprecated: .Language.LanguageDirection was deprecated in Hugo v0.158.0 and will be removed in a future release. Use .Language.Direction instead.
WARN  deprecated: .Language.LanguageCode was deprecated in Hugo v0.158.0 and will be removed in a future release. Use .Language.Locale instead.

                  │ JA  
──────────────────┼─────
 Pages            │ 259 
 Paginator pages  │  12 
 Non-page files   │   0 
 Static files     │  56 
 Processed images │   0 
 Aliases          │  93 
 Cleaned          │   0 

Total in 581 ms
✅ ビルド完了
[main 51aa932] 記事を公開: "甥っ子の迷言！？「半袖の長ズボン」という新ファッション"
 127 files changed, 233 insertions(+), 175 deletions(-)
 create mode 100644 public/images/asakaratoystory3.png
 create mode 100644 public/images/jim-jibunnihakushu.png
 create mode 100644 public/images/tyojo-gyaruninaru.png
 create mode 100644 public/posts/post-20260504-56/index.html
 create mode 100644 "public/tags/\345\255\220\343\201\251\343\202\202\343\201\256\350\277\267\350\250\200/index.html"
 create mode 100644 "public/tags/\345\255\220\343\201\251\343\202\202\343\201\256\350\277\267\350\250\200/index.xml"
 create mode 100644 "public/tags/\345\255\220\343\201\251\343\202\202\343\201\256\350\277\267\350\250\200/page/1/index.html"
 create mode 100644 "public/tags/\347\224\245\343\201\243\345\255\220/index.html"
 create mode 100644 "public/tags/\347\224\245\343\201\243\345\255\220/index.xml"
 create mode 100644 "public/tags/\347\224\245\343\201\243\345\255\220/page/1/index.html"
To https://github.com/ayumimblog/my-blog.git
   4fb6f7d..51aa932  main -> main
✅ git push 完了
🚀 Cloudflareへデプロイしています...
npm error code EIDLETIMEOUT
npm error Idle timeout reached for host `registry.npmjs.org:443`
npm error A complete log of this run can be found in: /Users/moritouayumi/.npm/_logs/2026-06-29T00_05_52_568Z-debug-0.log
[2026-06-29 09:43:24] 公開失敗: 甥っ子の迷言！？「半袖の長ズボン」という新ファッション （詳細は auto-publish.log を確認）
[2026-07-02 09:09:32] 公開開始: content/posts/post-20260504-9.md (9歳の娘が50代に！？恐怖の「G」が生んだ奇跡の一枚)
📝 公開する記事: "9歳の娘が50代に！？恐怖の「G」が生んだ奇跡の一枚"
📅 公開日を 2026-07-02 に設定します
✅ フロントマターを更新しました
🔨 サイトをビルドしています...
WARN  deprecated: project config key languageCode was deprecated in Hugo v0.158.0 and will be removed in a future release. Use locale instead.
Start building sites … 
hugo v0.162.1+extended+withdeploy darwin/arm64 BuildDate=2026-05-28T17:40:44Z VendorInfo=Homebrew

WARN  deprecated: .Language.LanguageDirection was deprecated in Hugo v0.158.0 and will be removed in a future release. Use .Language.Direction instead.
WARN  deprecated: .Language.LanguageCode was deprecated in Hugo v0.158.0 and will be removed in a future release. Use .Language.Locale instead.

                  │ JA  
──────────────────┼─────
 Pages            │ 260 
 Paginator pages  │  12 
 Non-page files   │   0 
 Static files     │  58 
 Processed images │   0 
 Aliases          │  93 
 Cleaned          │   0 

Total in 593 ms
✅ ビルド完了
[main 88a4681] 記事を公開: "9歳の娘が50代に！？恐怖の「G」が生んだ奇跡の一枚"
 126 files changed, 216 insertions(+), 178 deletions(-)
 create mode 100644 public/images/nastuyasumigatanosimi.png
 create mode 100644 public/images/ooinunofuguri.png
 create mode 100644 public/posts/post-20260504-9/index.html
fatal: unable to access 'https://github.com/ayumimblog/my-blog.git/': Recv failure: Operation timed out
[2026-07-02 20:58:14] 公開失敗: 9歳の娘が50代に！？恐怖の「G」が生んだ奇跡の一枚 （詳細は auto-publish.log を確認）
[2026-07-06 09:13:07] 公開開始: content/posts/post-20260508-67.md (我が家に君臨する「肩幅ひろし」の脅威)
📝 公開する記事: "我が家に君臨する「肩幅ひろし」の脅威"
📅 公開日を 2026-07-06 に設定します
✅ フロントマターを更新しました
🔨 サイトをビルドしています...
WARN  deprecated: project config key languageCode was deprecated in Hugo v0.158.0 and will be removed in a future release. Use locale instead.
Start building sites … 
hugo v0.162.1+extended+withdeploy darwin/arm64 BuildDate=2026-05-28T17:40:44Z VendorInfo=Homebrew

WARN  deprecated: .Language.LanguageDirection was deprecated in Hugo v0.158.0 and will be removed in a future release. Use .Language.Direction instead.
WARN  deprecated: .Language.LanguageCode was deprecated in Hugo v0.158.0 and will be removed in a future release. Use .Language.Locale instead.

                  │ JA  
──────────────────┼─────
 Pages            │ 263 
 Paginator pages  │  15 
 Non-page files   │   0 
 Static files     │  60 
 Processed images │   0 
 Aliases          │  94 
 Cleaned          │   0 

Total in 658 ms
✅ ビルド完了
[main c9c45c1] 記事を公開: "我が家に君臨する「肩幅ひろし」の脅威"
 131 files changed, 254 insertions(+), 185 deletions(-)
 create mode 100644 public/images/asakaraniwatorika.png
 create mode 100644 public/images/tyojo-engisidou.png
 create mode 100644 public/page/8/index.html
 create mode 100644 public/posts/page/8/index.html
 create mode 100644 public/posts/post-20260508-67/index.html
 create mode 100644 "public/tags/\345\205\204\345\246\271\343\201\222\343\202\223\343\201\213/index.html"
 create mode 100644 "public/tags/\345\205\204\345\246\271\343\201\222\343\202\223\343\201\213/index.xml"
 create mode 100644 "public/tags/\345\205\204\345\246\271\343\201\222\343\202\223\343\201\213/page/1/index.html"
 create mode 100644 "public/tags/\350\202\262\345\205\220\343\201\202\343\202\213\343\201\202\343\202\213/page/2/index.html"
fatal: unable to access 'https://github.com/ayumimblog/my-blog.git/': Recv failure: Operation timed out
[2026-07-06 09:51:53] 公開失敗: 我が家に君臨する「肩幅ひろし」の脅威 （詳細は auto-publish.log を確認）
[2026-07-09 09:13:30] 公開開始: content/posts/post-20260511-46.md (【我が家の恋愛事情】小4娘が語る「長男に彼女ができない理由」が辛辣すぎた話)
📝 公開する記事: "【我が家の恋愛事情】小4娘が語る「長男に彼女ができない理由」が辛辣すぎた話"
📅 公開日を 2026-07-09 に設定します
✅ フロントマターを更新しました
🔨 サイトをビルドしています...
WARN  deprecated: project config key languageCode was deprecated in Hugo v0.158.0 and will be removed in a future release. Use locale instead.
Start building sites … 
hugo v0.162.1+extended+withdeploy darwin/arm64 BuildDate=2026-05-28T17:40:44Z VendorInfo=Homebrew

WARN  deprecated: .Language.LanguageDirection was deprecated in Hugo v0.158.0 and will be removed in a future release. Use .Language.Direction instead.
WARN  deprecated: .Language.LanguageCode was deprecated in Hugo v0.158.0 and will be removed in a future release. Use .Language.Locale instead.

                  │ JA  
──────────────────┼─────
 Pages            │ 271 
 Paginator pages  │  15 
 Non-page files   │   0 
 Static files     │  64 
 Processed images │   0 
 Aliases          │  96 
 Cleaned          │   0 

Total in 660 ms
✅ ビルド完了
[main db66e5c] 記事を公開: "【我が家の恋愛事情】小4娘が語る「長男に彼女ができない理由」が辛辣すぎた話"
 203 files changed, 1369 insertions(+), 752 deletions(-)
 create mode 100644 public/contact/index.html
 create mode 100644 public/images/messi-ronaldo-ronso.png
 create mode 100644 public/images/tyojo-poolbag.png
 create mode 100644 public/posts/post-20260511-46/index.html
 create mode 100644 public/privacy-policy/index.html
 create mode 100644 "public/tags/\343\201\215\343\202\207\343\201\206\343\201\240\343\201\204/index.html"
 create mode 100644 "public/tags/\343\201\215\343\202\207\343\201\206\343\201\240\343\201\204/index.xml"
 create mode 100644 "public/tags/\343\201\215\343\202\207\343\201\206\343\201\240\343\201\204/page/1/index.html"
fatal: unable to access 'https://github.com/ayumimblog/my-blog.git/': Could not resolve host: github.com
⚠️ 失敗しました（1回目）。60秒待って再試行します: git push origin main
fatal: unable to access 'https://github.com/ayumimblog/my-blog.git/': Could not resolve host: github.com
⚠️ 失敗しました（2回目）。60秒待って再試行します: git push origin main
To https://github.com/ayumimblog/my-blog.git
   2fa31a0..db66e5c  main -> main
✅ git push 完了
🚀 Cloudflareへデプロイしています...

 ⛅️ wrangler 4.107.1
────────────────────

Cloudflare collects anonymous telemetry about your usage of Wrangler. Learn more at https://github.com/cloudflare/workers-sdk/tree/main/packages/wrangler/telemetry.md
🌀 Building list of assets...
✨ Read 828 files from the assets directory /Users/moritouayumi/my-blog/public
🌀 Starting asset upload...
🌀 Found 130 new or modified static assets to upload. Proceeding with upload...
+ /tags/きょうだい/page/1/index.html
+ /tags/ドタバタ日常/index.xml
+ /tags/育児あるある/index.xml
+ /tags/長女/index.xml
+ /tags/学校行事/index.html
+ /tags/七夕/index.html
+ /tags/タイピング/index.html
+ /tags/小学３年生/index.html
+ /tags/運動/index.html
+ /tags/筋トレ/index.html
+ /tags/自宅バリスタ/index.html
+ /tags/キャッシュカード/index.html
+ /tags/財布ポツンお金の管理自立/index.html
+ /tags/食育晩酌タイムお菓子パーティー/index.html
+ /tags/長男男子あるある育児日記お金の教育/index.html
+ /tags/次男手作りこたつ冬の過ごし方育児日記/index.html
+ /tags/次男長男卒園式言い間違い育児日記子どもの名言/index.html
+ /tags/長男変顔鏡の前での修行長女セルフポートレイト/index.html
+ /tags/長女小学生子どもの発想力育児日記親子のはなし/index.html
+ /tags/長女長男育児日記爆笑モデルごっこドタバタ母さん/index.html
+ /tags/次男入学式入場変顔緊張感ゼロファンサ男の子育児/index.html
+ /tags/公園遊び/index.html
+ /tags/次男マラソン大会育児日記ドタバタ母さん後日談/index.html
+ /tags/4年生/index.html
+ /tags/長男メディアコントロールデイ我が家のルールいろんな確認/index.html
+ /tags/子育て小学３年生長女女子力向上中洗面所は聖域朝の風景/index.html
+ /tags/ドタバタ母さん宅トレ相棒gemini劇的な筋肉痛aiパーソナル/index.html
+ /tags/次男身の丈に合わないゲーム感情のコントロール成長ずる賢い/index.html
+ /tags/子どもの成長/index.html
+ /tags/笑える話/index.html
+ /tags/リビングはダンスホール３人育児地味にダサい長女完コピ次男こなれ感長男母腹筋崩壊/index.html
+ /tags/おやすみの儀式-かめはめ波-6歳男子-男の子育児--寝る前の全力投球-波動の余韻-母は笑いをこらえるのに必死/index.html
+ /tags/育児あるある/page/2/index.html
+ /tags/3人育児/index.html
+ /tags/長女/index.html
+ /tags/クスッと笑える/index.html
+ /tags/長男/index.html
+ /posts/page/2/index.html
+ /posts/page/4/index.html
+ /page/7/index.html
+ /page/5/index.html
+ /posts/post-20260511-46/index.html
+ /archives/index.html
+ /index.json
+ /tags/きょうだい/index.xml
+ /tags/クスッと笑える/index.xml
+ /404.html
+ /tags/1年生/index.html
+ /tags/給食参観/index.html
+ /tags/甥っ子/index.html
+ /tags/きょうだい/index.html
+ /tags/朝の出来事/index.html
+ /tags/スタバ再現/index.html
+ /tags/子育て長男/index.html
+ /tags/チート/index.html
+ /tags/爆笑エピソード/index.html
+ /tags/お弁当反省長男の神フォロー/index.html
+ /tags/次男おやすみの儀式リテイク裏拳グータッチ/index.html
+ /tags/長男夜のスカイダイビング花粉のせい夢遊病/index.html
+ /tags/6年生/index.html
+ /tags/長女パパ3人育児育児日記格差社会父娘の日常/index.html
+ /tags/保湿と愛嬌/index.html
+ /tags/長男パソコン管理能力現実逃避男子あるある/index.html
+ /tags/長女お菓子作り母不在抹茶トリュフ型抜き参観会/index.html
+ /tags/お財布事件簿男子育児小学生ママ息子のミステリー/index.html
+ /tags/男の子育児砂場砂のお城無謀謎の距離芋石爆誕/index.html
+ /tags/次男育児日記男の子育児子どもの名言豆知識女の子育児/index.html
+ /tags/次男マラソン大会子どもの成長育児日記ドタバタ母さん家族の時間/index.html
+ /tags/育児筋トレワーママルーティン5時起きドタバタ母さん/index.html
+ /tags/長男長女春休みミッションナマコガチャガチャ子の成長/index.html
+ /tags/長女小学３年生女の子育児子育て日記お風呂タイムドタバタ母さん/index.html
+ /tags/日常/index.html
+ /tags/長男お弁当松屋の牛丼ブロッコリーご飯絶望からの大逆転盛った話/index.html
+ /tags/長男忘れ物番長パソコン鋼のメンタル友達の母からの連絡男子あるある/index.html
+ /tags/お出かけ/index.html
+ /tags/真ん中っ子女の子ママ/index.html
+ /posts/page/8/index.html
+ /tags/次男/index.html
+ /posts/index.html
+ /tags/育児あるある/index.html
+ /posts/page/6/index.html
+ /page/2/index.html
+ /posts/page/3/index.html
+ /page/4/index.html
+ /sitemap.xml
+ /tags/index.html
+ /posts/index.xml
+ /tags/次男/index.xml
+ /tags/長男/index.xml
+ /categories/index.html
+ /tags/兄妹げんか/index.html
+ /tags/休日/index.html
+ /tags/歌舞伎/index.html
+ /tags/子どもの発想/index.html
+ /tags/子どもの迷言/index.html
+ /tags/謎の儀式/index.html
+ /tags/静かなる実験/index.html
+ /tags/3人きょうだい/index.html
+ /tags/ロブロックス/index.html
+ /tags/小3/index.html
   (truncating changed assets log, set `WRANGLER_LOG=debug` environment variable to see full diff)
Uploaded 43 of 130 assets
Uploaded 87 of 130 assets
Uploaded 130 of 130 assets
✨ Success! Uploaded 130 files (318 already uploaded) (1.49 sec)

Total Upload: 0.33 KiB / gzip: 0.24 KiB
Uploaded my-blog (5.82 sec)
Deployed my-blog triggers (0.94 sec)
  https://my-blog.ayumisenteng.workers.dev
Current Version ID: f49030bd-d8b4-4bdb-a3c7-9e46ac531573

🎉 公開作業がすべて完了しました！
数分後に https://3nin-dotabata.com で確認してみてください。
[2026-07-09 10:27:37] 公開成功: 【我が家の恋愛事情】小4娘が語る「長男に彼女ができない理由」が辛辣すぎた話
[2026-07-13 09:11:54] 公開開始: content/posts/post-20260511-70.md (【小6男子のリアル】初めての「友達と映画」がツッコミどころ満載すぎた話)
📝 公開する記事: "【小6男子のリアル】初めての「友達と映画」がツッコミどころ満載すぎた話"
📅 公開日を 2026-07-13 に設定します
✅ フロントマターを更新しました
🔨 サイトをビルドしています...
WARN  deprecated: project config key languageCode was deprecated in Hugo v0.158.0 and will be removed in a future release. Use locale instead.
Start building sites … 
hugo v0.162.1+extended+withdeploy darwin/arm64 BuildDate=2026-05-28T17:40:44Z VendorInfo=Homebrew

WARN  deprecated: .Language.LanguageDirection was deprecated in Hugo v0.158.0 and will be removed in a future release. Use .Language.Direction instead.
WARN  deprecated: .Language.LanguageCode was deprecated in Hugo v0.158.0 and will be removed in a future release. Use .Language.Locale instead.

                  │ JA  
──────────────────┼─────
 Pages            │ 290 
 Paginator pages  │  17 
 Non-page files   │   0 
 Static files     │  74 
 Processed images │   0 
 Aliases          │ 103 
 Cleaned          │   0 

Total in 669 ms
✅ ビルド完了
[main 190a134] 記事を公開: "【小6男子のリアル】初めての「友達と映画」がツッコミどころ満載すぎた話"
 140 files changed, 286 insertions(+), 211 deletions(-)
 create mode 100644 public/posts/post-20260511-70/index.html
 create mode 100644 "public/tags/\343\203\211\343\202\277\343\203\220\343\202\277\346\227\245\345\270\270/page/2/index.html"
 create mode 100644 "public/tags/\345\217\213\351\201\224/index.html"
 create mode 100644 "public/tags/\345\217\213\351\201\224/index.xml"
 create mode 100644 "public/tags/\345\217\213\351\201\224/page/1/index.html"
 create mode 100644 "public/tags/\346\210\220\351\225\267\350\250\230\351\214\262/index.html"
 create mode 100644 "public/tags/\346\210\220\351\225\267\350\250\230\351\214\262/index.xml"
 create mode 100644 "public/tags/\346\210\220\351\225\267\350\250\230\351\214\262/page/1/index.html"
To https://github.com/ayumimblog/my-blog.git
 ! [remote rejected] main -> main (cannot lock ref 'refs/heads/main': is at 190a13469257a6dc5c0a236f2e4b7546f98dcbb1 but expected 12bb0db83efbebc9417ea30240a3f34a726bb496)
error: failed to push some refs to 'https://github.com/ayumimblog/my-blog.git'
⚠️ 失敗しました（1回目）。60秒待って再試行します: git push origin main
Everything up-to-date
✅ git push 完了
🚀 Cloudflareへデプロイしています...

 ⛅️ wrangler 4.110.0
────────────────────
🌀 Building list of assets...
✨ Read 894 files from the assets directory /Users/moritouayumi/my-blog/public
🌀 Starting asset upload...
🌀 Found 138 new or modified static assets to upload. Proceeding with upload...
+ /tags/友達/page/1/index.html
+ /tags/成長記録/index.xml
+ /tags/育児あるある/index.xml
+ /categories/index.html
+ /tags/学校行事/index.html
+ /tags/友達/index.html
+ /tags/甥っ子/index.html
+ /tags/きょうだい/index.html
+ /tags/小学３年生/index.html
+ /tags/運動/index.html
+ /tags/筋トレ/index.html
+ /tags/自宅バリスタ/index.html
+ /tags/3人きょうだい/index.html
+ /tags/ドタバタ日常/page/2/index.html
+ /tags/小3/index.html
+ /tags/名言/index.html
+ /tags/長男物知り博士好きを深掘り忘れ物番長/index.html
+ /tags/次男長男卒園式言い間違い育児日記子どもの名言/index.html
+ /tags/長男変顔鏡の前での修行長女セルフポートレイト/index.html
+ /tags/長女小学生子どもの発想力育児日記親子のはなし/index.html
+ /tags/長女長男育児日記爆笑モデルごっこドタバタ母さん/index.html
+ /tags/次男入学式入場変顔緊張感ゼロファンサ男の子育児/index.html
+ /tags/公園遊び/index.html
+ /tags/次男マラソン大会育児日記ドタバタ母さん後日談/index.html
+ /tags/4年生/index.html
+ /tags/長男次男お出かけ春祭りお茶体験季節の行事育児日記/index.html
+ /tags/長男アートあみじゃが想像力創造性無限の可能性/index.html
+ /tags/次男ランチビュッフェ気持ちがいい牛と豚満足名言爆誕男の子育児/index.html
+ /tags/男の子育児足し算イタリアンブレインロット67簡単小学5年生大丈夫か/index.html
+ /tags/次男育児日記男の子育児お風呂タイムドタバタ母さんこだわり強め/index.html
+ /tags/笑える話/index.html
+ /tags/甥っ子公園パンダの乗り物シュールにゆらゆらおじいちゃん見習いたい姿/index.html
+ /tags/お出かけ/index.html
+ /tags/子どもの成長/index.html
+ /tags/小学生ママ/index.html
+ /tags/次男/index.html
+ /tags/長男/page/2/index.html
+ /tags/ドタバタ日常/index.html
+ /posts/page/2/index.html
+ /index.html
+ /posts/page/7/index.html
+ /page/4/index.html
+ /posts/page/3/index.html
+ /page/5/index.html
+ /posts/post-20260511-70/index.html
+ /archives/index.html
+ /tags/成長記録/page/1/index.html
+ /tags/6年生/index.xml
+ /tags/長男/index.xml
+ /tags/1年生/index.html
+ /tags/給食参観/index.html
+ /tags/七夕/index.html
+ /tags/歌舞伎/index.html
+ /tags/成長記録/index.html
+ /tags/朝の出来事/index.html
+ /tags/スタバ再現/index.html
+ /tags/子育て長男/index.html
+ /tags/チート/index.html
+ /tags/キャッシュカード/index.html
+ /tags/財布ポツンお金の管理自立/index.html
+ /tags/食育晩酌タイムお菓子パーティー/index.html
+ /tags/長男男子あるある育児日記お金の教育/index.html
+ /tags/次男手作りこたつ冬の過ごし方育児日記/index.html
+ /tags/長女パパ3人育児育児日記格差社会父娘の日常/index.html
+ /tags/保湿と愛嬌/index.html
+ /tags/長男パソコン管理能力現実逃避男子あるある/index.html
+ /tags/長女お菓子作り母不在抹茶トリュフ型抜き参観会/index.html
+ /tags/お財布事件簿男子育児小学生ママ息子のミステリー/index.html
+ /tags/男の子育児砂場砂のお城無謀謎の距離芋石爆誕/index.html
+ /tags/次男育児日記男の子育児子どもの名言豆知識女の子育児/index.html
+ /tags/スマホデビュー/index.html
+ /tags/長男メディアコントロールデイ我が家のルールいろんな確認/index.html
+ /tags/子育て小学３年生長女女子力向上中洗面所は聖域朝の風景/index.html
+ /tags/ドタバタ母さん宅トレ相棒gemini劇的な筋肉痛aiパーソナル/index.html
+ /tags/次男身の丈に合わないゲーム感情のコントロール成長ずる賢い/index.html
+ /tags/長男お弁当松屋の牛丼ブロッコリーご飯絶望からの大逆転盛った話/index.html
+ /tags/長男忘れ物番長パソコン鋼のメンタル友達の母からの連絡男子あるある/index.html
+ /tags/6年生/index.html
+ /tags/３人育児ピアノ発表会バラードスケーターズワルツノーミス幻想即興曲憧れ次なる目標-ジャックスパロウ/index.html
+ /tags/真ん中っ子女の子ママ/index.html
+ /tags/役立ち情報/index.html
+ /tags/育児あるある/page/2/index.html
+ /tags/長女/index.html
+ /tags/クスッと笑える/index.html
+ /page/2/index.html
+ /posts/page/8/index.html
+ /page/7/index.html
+ /posts/page/6/index.html
+ /page/3/index.html
+ /posts/tyonan-sumaho-debut/index.html
+ /tags/index.html
+ /posts/index.xml
+ /tags/友達/index.xml
+ /tags/ドタバタ日常/index.xml
+ /404.html
+ /tags/兄妹げんか/index.html
+ /tags/休日/index.html
+ /tags/節約/index.html
+ /tags/タイピング/index.html
+ /tags/子どもの発想/index.html
   (truncating changed assets log, set `WRANGLER_LOG=debug` environment variable to see full diff)
Uploaded 46 of 138 assets
Uploaded 92 of 138 assets
Uploaded 138 of 138 assets
✨ Success! Uploaded 138 files (348 already uploaded) (1.81 sec)

Total Upload: 0.33 KiB / gzip: 0.24 KiB
Uploaded my-blog (6.84 sec)
Deployed my-blog triggers (1.02 sec)
  https://my-blog.ayumisenteng.workers.dev
Current Version ID: 9d37da90-e3c8-4913-a9cb-5118bb491291

🎉 公開作業がすべて完了しました！
数分後に https://3nin-dotabata.com で確認してみてください。
[2026-07-13 19:19:46] 公開成功: 【小6男子のリアル】初めての「友達と映画」がツッコミどころ満載すぎた話
[2026-07-16 09:13:38] 公開開始: content/posts/post-20260518-26.md (【長女編】ノンストップの胸キュン！シール大好き女子のマシンガントーク)
📝 公開する記事: "【長女編】ノンストップの胸キュン！シール大好き女子のマシンガントーク"
📅 公開日を 2026-07-16 に設定します
✅ フロントマターを更新しました
🔨 サイトをビルドしています...
WARN  deprecated: project config key languageCode was deprecated in Hugo v0.158.0 and will be removed in a future release. Use locale instead.
Start building sites … 
hugo v0.162.1+extended+withdeploy darwin/arm64 BuildDate=2026-05-28T17:40:44Z VendorInfo=Homebrew

WARN  deprecated: .Language.LanguageDirection was deprecated in Hugo v0.158.0 and will be removed in a future release. Use .Language.Direction instead.
WARN  deprecated: .Language.LanguageCode was deprecated in Hugo v0.158.0 and will be removed in a future release. Use .Language.Locale instead.

                  │ JA  
──────────────────┼─────
 Pages            │ 303 
 Paginator pages  │  19 
 Non-page files   │   0 
 Static files     │  75 
 Processed images │   0 
 Aliases          │ 108 
 Cleaned          │   0 

Total in 745 ms
✅ ビルド完了
[main bcbd2c8] 記事を公開: "【長女編】ノンストップの胸キュン！シール大好き女子のマシンガントーク"
 147 files changed, 312 insertions(+), 250 deletions(-)
 create mode 100644 public/posts/post-20260518-26/index.html
 create mode 100644 "public/tags/\343\201\212\345\234\237\347\224\243/index.html"
 create mode 100644 "public/tags/\343\201\212\345\234\237\347\224\243/index.xml"
 create mode 100644 "public/tags/\343\201\212\345\234\237\347\224\243/page/1/index.html"
 create mode 100644 "public/tags/\343\202\267\343\203\274\343\203\253/index.html"
 create mode 100644 "public/tags/\343\202\267\343\203\274\343\203\253/index.xml"
 create mode 100644 "public/tags/\343\202\267\343\203\274\343\203\253/page/1/index.html"
To https://github.com/ayumimblog/my-blog.git
   a4fb03f..bcbd2c8  main -> main
✅ git push 完了
🚀 Cloudflareへデプロイしています...

 ⛅️ wrangler 4.111.0
────────────────────
🌀 Building list of assets...
✨ Read 935 files from the assets directory /Users/moritouayumi/my-blog/public
🌀 Starting asset upload...
🌀 Found 145 new or modified static assets to upload. Proceeding with upload...
+ /tags/お土産/page/1/index.html
+ /tags/シール/index.xml
+ /404.html
+ /tags/長女/index.xml
+ /tags/シール/index.html
+ /tags/給食参観/index.html
+ /tags/節約/index.html
+ /tags/タイピング/index.html
+ /tags/友人/index.html
+ /tags/スイミング/index.html
+ /tags/成長記録/index.html
+ /tags/スタバ再現/index.html
+ /tags/子育て長男/index.html
+ /tags/チート/index.html
+ /tags/キャッシュカード/index.html
+ /tags/お弁当反省長男の神フォロー/index.html
+ /tags/次男おやすみの儀式リテイク裏拳グータッチ/index.html
+ /tags/長男夜のスカイダイビング花粉のせい夢遊病/index.html
+ /tags/次男異臭騒ぎ納豆フットクリーム踏み絵/index.html
+ /tags/次男保育園修了式立派に成長ありがとう/index.html
+ /tags/長男育児日記男の子育児歯磨き子どもの名言/index.html
+ /tags/デジタルリテラシーパニック誰かに相談/index.html
+ /tags/次男マラソン大会子どもの成長育児日記男の子育児/index.html
+ /tags/長男次男育児日記男の子育児小孥5年生子どもの名言/index.html
+ /tags/ドタバタ母さん研修講師憧れの職場コーヒープレゼン/index.html
+ /tags/次男マラソン大会子どもの成長育児日記ドタバタ母さん/index.html
+ /tags/長男次男お出かけ春祭りお茶体験季節の行事育児日記/index.html
+ /tags/長男アートあみじゃが想像力創造性無限の可能性/index.html
+ /tags/次男ランチビュッフェ気持ちがいい牛と豚満足名言爆誕男の子育児/index.html
+ /tags/男の子育児足し算イタリアンブレインロット67簡単小学5年生大丈夫か/index.html
+ /tags/次男育児日記男の子育児お風呂タイムドタバタ母さんこだわり強め/index.html
+ /tags/笑える話/index.html
+ /tags/甥っ子公園パンダの乗り物シュールにゆらゆらおじいちゃん見習いたい姿/index.html
+ /posts/page/9/index.html
+ /tags/4年生/index.html
+ /tags/ドタバタ日常/page/2/index.html
+ /tags/子育て/index.html
+ /tags/小学生ママ/index.html
+ /tags/長男/page/2/index.html
+ /page/2/index.html
+ /tags/長男/index.html
+ /index.html
+ /tags/長女/index.html
+ /posts/page/4/index.html
+ /page/5/index.html
+ /page/3/index.html
+ /posts/nastuyasumigatanosimi/index.html
+ /tags/index.xml
+ /index.xml
+ /tags/シール/page/1/index.html
+ /tags/4年生/index.xml
+ /tags/育児あるある/index.xml
+ /tags/1年生/index.html
+ /tags/兄妹げんか/index.html
+ /tags/休日/index.html
+ /tags/甥っ子/index.html
+ /tags/友達/index.html
+ /tags/子どもの発想/index.html
+ /tags/小学３年生/index.html
+ /tags/子どもの迷言/index.html
+ /tags/謎の儀式/index.html
+ /tags/静かなる実験/index.html
+ /tags/デジタルリテラシー/index.html
+ /tags/爆笑エピソード/index.html
+ /tags/小3/index.html
+ /tags/名言/index.html
+ /tags/長男物知り博士好きを深掘り忘れ物番長/index.html
+ /tags/次男長男卒園式言い間違い育児日記子どもの名言/index.html
+ /tags/長男変顔鏡の前での修行長女セルフポートレイト/index.html
+ /tags/長女小学生子どもの発想力育児日記親子のはなし/index.html
+ /tags/長女長男育児日記爆笑モデルごっこドタバタ母さん/index.html
+ /tags/次男入学式入場変顔緊張感ゼロファンサ男の子育児/index.html
+ /tags/公園遊び/index.html
+ /tags/次男マラソン大会育児日記ドタバタ母さん後日談/index.html
+ /tags/スマホデビュー/index.html
+ /tags/長男メディアコントロールデイ我が家のルールいろんな確認/index.html
+ /tags/子育て小学３年生長女女子力向上中洗面所は聖域朝の風景/index.html
+ /tags/ドタバタ母さん宅トレ相棒gemini劇的な筋肉痛aiパーソナル/index.html
+ /tags/次男身の丈に合わないゲーム感情のコントロール成長ずる賢い/index.html
+ /tags/長男お弁当松屋の牛丼ブロッコリーご飯絶望からの大逆転盛った話/index.html
+ /tags/長男忘れ物番長パソコン鋼のメンタル友達の母からの連絡男子あるある/index.html
+ /tags/リビングはダンスホール３人育児地味にダサい長女完コピ次男こなれ感長男母腹筋崩壊/index.html
+ /tags/お出かけ/index.html
+ /tags/３人育児ピアノ発表会バラードスケーターズワルツノーミス幻想即興曲憧れ次なる目標-ジャックスパロウ/index.html
+ /tags/子どもの成長/index.html
+ /tags/3人育児/index.html
+ /tags/役立ち情報/index.html
+ /tags/育児あるある/page/2/index.html
+ /tags/クスッと笑える/index.html
+ /tags/ドタバタ日常/index.html
+ /posts/page/7/index.html
+ /posts/page/8/index.html
+ /posts/page/3/index.html
+ /page/4/index.html
+ /page/6/index.html
+ /sitemap.xml
+ /archives/index.html
+ /tags/お土産/index.xml
+ /tags/ドタバタ日常/index.xml
+ /categories/index.html
   (truncating changed assets log, set `WRANGLER_LOG=debug` environment variable to see full diff)
Asset upload failed. Retrying... 1 of 5 attempts.

Uploaded 49 of 145 assets
Asset upload failed. Retrying... 1 of 5 attempts.

Asset upload failed. Retrying... 1 of 5 attempts.

Asset upload failed. Retrying... 2 of 5 attempts.

Asset upload failed. Retrying... 2 of 5 attempts.

Asset upload failed. Retrying... 3 of 5 attempts.

Asset upload failed. Retrying... 3 of 5 attempts.

Asset upload failed. Retrying... 4 of 5 attempts.

Asset upload failed. Retrying... 4 of 5 attempts.

Asset upload failed. Retrying... 5 of 5 attempts.

Asset upload failed. Retrying... 5 of 5 attempts.

[31m✘ [41;31m[[41;97mERROR[41;31m][0m [1mUpload took too long.[0m

  Asset upload took too long on bucket 3/3. Please try again.
  Assets already uploaded have been saved, so the next attempt will automatically resume from this point.



[31m✘ [41;31m[[41;97mERROR[41;31m][0m [1mUpload took too long.[0m

  Asset upload took too long on bucket 3/3. Please try again.
  Assets already uploaded have been saved, so the next attempt will automatically resume from this point.


This error originated either by throwing inside of an async function without a catch block, or by rejecting a promise which was not handled with .catch(). The promise rejected with the reason:
Error: Upload took too long.
Asset upload took too long on bucket 3/3. Please try again.
Assets already uploaded have been saved, so the next attempt will automatically resume from this point.
    at doUpload (/Users/moritouayumi/.npm/_npx/d77349f55c2be1c0/node_modules/wrangler/wrangler-dist/cli.js:154319:21)
    at process.processTicksAndRejections (node:internal/process/task_queues:104:5)
    at async /Users/moritouayumi/.npm/_npx/d77349f55c2be1c0/node_modules/wrangler/wrangler-dist/cli.js:123638:30
[31m✘ [41;31m[[41;97mERROR[41;31m][0m [1mUpload took too long.[0m

  Asset upload took too long on bucket 2/3. Please try again.
  Assets already uploaded have been saved, so the next attempt will automatically resume from this point.


This error originated either by throwing inside of an async function without a catch block, or by rejecting a promise which was not handled with .catch(). The promise rejected with the reason:
Error: Upload took too long.
Asset upload took too long on bucket 2/3. Please try again.
Assets already uploaded have been saved, so the next attempt will automatically resume from this point.
    at doUpload (/Users/moritouayumi/.npm/_npx/d77349f55c2be1c0/node_modules/wrangler/wrangler-dist/cli.js:154319:21)
    at process.processTicksAndRejections (node:internal/process/task_queues:104:5)
    at async /Users/moritouayumi/.npm/_npx/d77349f55c2be1c0/node_modules/wrangler/wrangler-dist/cli.js:123638:30
🪵  Logs were written to "/Users/moritouayumi/Library/Preferences/.wrangler/logs/wrangler-2026-07-16_00-13-44_429.log"
⚠️ 失敗しました（1回目）。60秒待って再試行します: npx --yes wrangler@latest deploy

 ⛅️ wrangler 4.111.0
────────────────────
🌀 Building list of assets...
✨ Read 935 files from the assets directory /Users/moritouayumi/my-blog/public
🌀 Starting asset upload...

[33m▲ [43;33m[[43;30mWARNING[43;33m][0m [1mA fetch request failed, likely due to a connectivity issue.[0m

  
  Common causes:
    - No internet connection or network connectivity problems
    - Firewall or VPN blocking the request
    - Network proxy configuration issues
  
  Please check your network connection and try again.


[31m✘ [41;31m[[41;97mERROR[41;31m][0m [1mfetch failed[0m


[32mIf you think this is a bug then please create an issue at https://github.com/cloudflare/workers-sdk/issues/new/choose[0m
🪵  Logs were written to "/Users/moritouayumi/Library/Preferences/.wrangler/logs/wrangler-2026-07-16_05-39-33_282.log"
⚠️ 失敗しました（2回目）。60秒待って再試行します: npx --yes wrangler@latest deploy

 ⛅️ wrangler 4.111.0
────────────────────
🌀 Building list of assets...
✨ Read 935 files from the assets directory /Users/moritouayumi/my-blog/public
🌀 Starting asset upload...
No updated asset files to upload. Proceeding with deployment...
Total Upload: 0.33 KiB / gzip: 0.24 KiB
Uploaded my-blog (4.36 sec)
Deployed my-blog triggers (1.06 sec)
  https://my-blog.ayumisenteng.workers.dev
Current Version ID: 66b985da-5ff5-4f55-9246-cc15c278a569

🎉 公開作業がすべて完了しました！
数分後に https://3nin-dotabata.com で確認してみてください。
[2026-07-16 17:58:38] 公開成功: 【長女編】ノンストップの胸キュン！シール大好き女子のマシンガントーク
📝 公開する記事: "「どちら様ですか？」新しい服を着ただけで別人扱いされた長男の、完璧な返し"
📅 公開日を 2026-07-17 に設定します
✅ フロントマターを更新しました
🔨 サイトをビルドしています...
WARN  deprecated: project config key languageCode was deprecated in Hugo v0.158.0 and will be removed in a future release. Use locale instead.
Start building sites … 
hugo v0.162.1+extended+withdeploy darwin/arm64 BuildDate=2026-05-28T17:40:44Z VendorInfo=Homebrew

WARN  deprecated: .Language.LanguageDirection was deprecated in Hugo v0.158.0 and will be removed in a future release. Use .Language.Direction instead.
WARN  deprecated: .Language.LanguageCode was deprecated in Hugo v0.158.0 and will be removed in a future release. Use .Language.Locale instead.

                  │ JA  
──────────────────┼─────
 Pages            │ 304 
 Paginator pages  │  20 
 Non-page files   │   0 
 Static files     │  75 
 Processed images │   0 
 Aliases          │ 108 
 Cleaned          │   0 

Total in 719 ms
✅ ビルド完了
[main 146170b] 記事を公開: "「どちら様ですか？」新しい服を着ただけで別人扱いされた長男の、完璧な返し"
 144 files changed, 280 insertions(+), 233 deletions(-)
 create mode 100644 public/posts/tyonan-sutamen-fuku/index.html
 create mode 100644 "public/tags/\343\202\257\343\202\271\343\203\203\343\201\250\347\254\221\343\201\210\343\202\213/page/2/index.html"
error: RPC failed; curl 56 Recv failure: Operation timed out
send-pack: unexpected disconnect while reading sideband packet
fatal: the remote end hung up unexpectedly
Everything up-to-date
⚠️ 失敗しました（1回目）。60秒待って再試行します: git push origin main
Everything up-to-date
✅ git push 完了
🚀 Cloudflareへデプロイしています...

 ⛅️ wrangler 4.112.0
────────────────────

Cloudflare collects anonymous telemetry about your usage of Wrangler. Learn more at https://github.com/cloudflare/workers-sdk/tree/main/packages/wrangler/telemetry.md
🌀 Building list of assets...
✨ Read 939 files from the assets directory /Users/moritouayumi/my-blog/public
🌀 Starting asset upload...
🌀 Found 142 new or modified static assets to upload. Proceeding with upload...
+ /tags/クスッと笑える/index.xml
+ /categories/index.html
+ /tags/1年生/index.html
+ /tags/兄妹げんか/index.html
+ /tags/休日/index.html
+ /tags/甥っ子/index.html
+ /tags/友達/index.html
+ /tags/子どもの発想/index.html
+ /tags/小学３年生/index.html
+ /tags/子どもの迷言/index.html
+ /tags/謎の儀式/index.html
+ /tags/静かなる実験/index.html
+ /tags/デジタルリテラシー/index.html
+ /tags/爆笑エピソード/index.html
+ /tags/お弁当反省長男の神フォロー/index.html
+ /tags/次男おやすみの儀式リテイク裏拳グータッチ/index.html
+ /tags/長男夜のスカイダイビング花粉のせい夢遊病/index.html
+ /tags/次男異臭騒ぎ納豆フットクリーム踏み絵/index.html
+ /tags/次男保育園修了式立派に成長ありがとう/index.html
+ /tags/長男育児日記男の子育児歯磨き子どもの名言/index.html
+ /tags/デジタルリテラシーパニック誰かに相談/index.html
+ /tags/次男マラソン大会子どもの成長育児日記男の子育児/index.html
+ /tags/長男次男育児日記男の子育児小孥5年生子どもの名言/index.html
+ /tags/ドタバタ母さん研修講師憧れの職場コーヒープレゼン/index.html
+ /tags/次男マラソン大会子どもの成長育児日記ドタバタ母さん/index.html
+ /tags/長男次男お出かけ春祭りお茶体験季節の行事育児日記/index.html
+ /tags/長男アートあみじゃが想像力創造性無限の可能性/index.html
+ /tags/次男ランチビュッフェ気持ちがいい牛と豚満足名言爆誕男の子育児/index.html
+ /tags/男の子育児足し算イタリアンブレインロット67簡単小学5年生大丈夫か/index.html
+ /tags/次男育児日記男の子育児お風呂タイムドタバタ母さんこだわり強め/index.html
+ /tags/笑える話/index.html
+ /tags/甥っ子公園パンダの乗り物シュールにゆらゆらおじいちゃん見習いたい姿/index.html
+ /tags/お出かけ/index.html
+ /tags/おやすみの儀式-かめはめ波-6歳男子-男の子育児--寝る前の全力投球-波動の余韻-母は笑いをこらえるのに必死/index.html
+ /tags/子育て/index.html
+ /page/9/index.html
+ /tags/小学生ママ/index.html
+ /tags/長男/page/2/index.html
+ /page/2/index.html
+ /tags/長男/index.html
+ /index.html
+ /tags/長女/index.html
+ /posts/page/8/index.html
+ /posts/page/6/index.html
+ /page/4/index.html
+ /posts/tyonan-sutamen-fuku/index.html
+ /tags/index.xml
+ /index.xml
+ /tags/ドタバタ日常/index.xml
+ /tags/長男/index.xml
+ /tags/お土産/index.html
+ /tags/学校行事/index.html
+ /tags/七夕/index.html
+ /tags/歌舞伎/index.html
+ /tags/きょうだい/index.html
+ /tags/夏休み/index.html
+ /tags/朝の出来事/index.html
+ /tags/運動/index.html
+ /tags/筋トレ/index.html
+ /tags/自宅バリスタ/index.html
+ /tags/3人きょうだい/index.html
+ /tags/クスッと笑える/page/2/index.html
+ /tags/小3/index.html
+ /tags/名言/index.html
+ /tags/長男物知り博士好きを深掘り忘れ物番長/index.html
+ /tags/次男長男卒園式言い間違い育児日記子どもの名言/index.html
+ /tags/長男変顔鏡の前での修行長女セルフポートレイト/index.html
+ /tags/長女小学生子どもの発想力育児日記親子のはなし/index.html
+ /tags/長女長男育児日記爆笑モデルごっこドタバタ母さん/index.html
+ /tags/次男入学式入場変顔緊張感ゼロファンサ男の子育児/index.html
+ /tags/公園遊び/index.html
+ /tags/次男マラソン大会育児日記ドタバタ母さん後日談/index.html
+ /tags/スマホデビュー/index.html
+ /tags/長男メディアコントロールデイ我が家のルールいろんな確認/index.html
+ /tags/子育て小学３年生長女女子力向上中洗面所は聖域朝の風景/index.html
+ /tags/ドタバタ母さん宅トレ相棒gemini劇的な筋肉痛aiパーソナル/index.html
+ /tags/次男身の丈に合わないゲーム感情のコントロール成長ずる賢い/index.html
+ /tags/長男お弁当松屋の牛丼ブロッコリーご飯絶望からの大逆転盛った話/index.html
+ /tags/長男忘れ物番長パソコン鋼のメンタル友達の母からの連絡男子あるある/index.html
+ /tags/リビングはダンスホール３人育児地味にダサい長女完コピ次男こなれ感長男母腹筋崩壊/index.html
+ /tags/4年生/index.html
+ /tags/子どもの成長/index.html
+ /tags/ドタバタ日常/page/2/index.html
+ /tags/3人育児/index.html
+ /tags/役立ち情報/index.html
+ /tags/育児あるある/page/2/index.html
+ /tags/クスッと笑える/index.html
+ /tags/ドタバタ日常/index.html
+ /posts/page/7/index.html
+ /posts/page/3/index.html
+ /posts/page/5/index.html
+ /page/8/index.html
+ /page/6/index.html
+ /sitemap.xml
+ /archives/index.html
+ /404.html
+ /tags/育児あるある/index.xml
+ /tags/シール/index.html
+ /tags/給食参観/index.html
+ /tags/節約/index.html
   (truncating changed assets log, set `WRANGLER_LOG=debug` environment variable to see full diff)
Uploaded 47 of 142 assets
Uploaded 94 of 142 assets
Uploaded 142 of 142 assets
✨ Success! Uploaded 142 files (367 already uploaded) (2.08 sec)

Total Upload: 0.33 KiB / gzip: 0.24 KiB
Uploaded my-blog (7.62 sec)
Deployed my-blog triggers (1.76 sec)
  https://my-blog.ayumisenteng.workers.dev
Current Version ID: 60b2e2f5-b3ac-42ba-9725-27dad8b37e06

🎉 公開作業がすべて完了しました！
数分後に https://3nin-dotabata.com で確認してみてください。
📝 公開する記事: "朝から勃発「メッシvsロナウド論争」。三者三様すぎて誰も噛み合っていない件"
📅 公開日を 2026-07-18 に設定します
✅ フロントマターを更新しました
🔨 サイトをビルドしています...
WARN  deprecated: project config key languageCode was deprecated in Hugo v0.158.0 and will be removed in a future release. Use locale instead.
Start building sites … 
hugo v0.162.1+extended+withdeploy darwin/arm64 BuildDate=2026-05-28T17:40:44Z VendorInfo=Homebrew

WARN  deprecated: .Language.LanguageDirection was deprecated in Hugo v0.158.0 and will be removed in a future release. Use .Language.Direction instead.
WARN  deprecated: .Language.LanguageCode was deprecated in Hugo v0.158.0 and will be removed in a future release. Use .Language.Locale instead.

                  │ JA  
──────────────────┼─────
 Pages            │ 310 
 Paginator pages  │  21 
 Non-page files   │   0 
 Static files     │  77 
 Processed images │   0 
 Aliases          │ 110 
 Cleaned          │   0 

Total in 927 ms
✅ ビルド完了
[main 3cf9e8b] 記事を公開: "朝から勃発「メッシvsロナウド論争」。三者三様すぎて誰も噛み合っていない件"
 151 files changed, 301 insertions(+), 245 deletions(-)
 create mode 100644 public/images/shio-8shu-review.png
 create mode 100644 public/posts/messi-ronaldo-ronso/index.html
 create mode 100644 "public/tags/\351\225\267\345\245\263/page/2/index.html"
error: RPC failed; curl 56 Recv failure: Operation timed out
send-pack: unexpected disconnect while reading sideband packet
fatal: the remote end hung up unexpectedly
Everything up-to-date
⚠️ 失敗しました（1回目）。60秒待って再試行します: git push origin main
Everything up-to-date
✅ git push 完了
🚀 Cloudflareへデプロイしています...

 ⛅️ wrangler 4.112.0
────────────────────
🌀 Building list of assets...
✨ Read 959 files from the assets directory /Users/moritouayumi/my-blog/public
🌀 Starting asset upload...
🌀 Found 148 new or modified static assets to upload. Proceeding with upload...
+ /tags/兄妹げんか/index.xml
+ /tags/ドタバタ日常/index.xml
+ /tags/長男/index.xml
+ /tags/お土産/index.html
+ /tags/給食参観/index.html
+ /tags/七夕/index.html
+ /tags/歌舞伎/index.html
+ /tags/きょうだい/index.html
+ /tags/夏休み/index.html
+ /tags/朝の出来事/index.html
+ /tags/おうちごはん/index.html
+ /tags/謎の儀式/index.html
+ /tags/静かなる実験/index.html
+ /tags/デジタルリテラシー/index.html
+ /tags/キャッシュカード/index.html
+ /tags/お弁当反省長男の神フォロー/index.html
+ /tags/次男おやすみの儀式リテイク裏拳グータッチ/index.html
+ /tags/長男夜のスカイダイビング花粉のせい夢遊病/index.html
+ /tags/次男異臭騒ぎ納豆フットクリーム踏み絵/index.html
+ /tags/次男保育園修了式立派に成長ありがとう/index.html
+ /tags/長男育児日記男の子育児歯磨き子どもの名言/index.html
+ /tags/長男パソコン管理能力現実逃避男子あるある/index.html
+ /tags/長女お菓子作り母不在抹茶トリュフ型抜き参観会/index.html
+ /tags/お財布事件簿男子育児小学生ママ息子のミステリー/index.html
+ /tags/公園遊び/index.html
+ /tags/次男マラソン大会育児日記ドタバタ母さん後日談/index.html
+ /tags/スマホデビュー/index.html
+ /tags/長男メディアコントロールデイ我が家のルールいろんな確認/index.html
+ /tags/子育て小学３年生長女女子力向上中洗面所は聖域朝の風景/index.html
+ /tags/ドタバタ母さん宅トレ相棒gemini劇的な筋肉痛aiパーソナル/index.html
+ /tags/次男身の丈に合わないゲーム感情のコントロール成長ずる賢い/index.html
+ /tags/長男お弁当松屋の牛丼ブロッコリーご飯絶望からの大逆転盛った話/index.html
+ /tags/笑える話/index.html
+ /tags/甥っ子公園パンダの乗り物シュールにゆらゆらおじいちゃん見習いたい姿/index.html
+ /tags/お出かけ/index.html
+ /tags/おやすみの儀式-かめはめ波-6歳男子-男の子育児--寝る前の全力投球-波動の余韻-母は笑いをこらえるのに必死/index.html
+ /tags/子育て/index.html
+ /tags/育児日記/index.html
+ /tags/役立ち情報/index.html
+ /tags/長男/page/2/index.html
+ /posts/index.html
+ /tags/長女/index.html
+ /tags/育児あるある/index.html
+ /index.html
+ /posts/page/8/index.html
+ /page/7/index.html
+ /page/4/index.html
+ /posts/tyonan-sutamen-fuku/index.html
+ /tags/index.xml
+ /index.xml
+ /tags/次男/index.xml
+ /404.html
+ /tags/育児あるある/index.xml
+ /tags/シール/index.html
+ /tags/休日/index.html
+ /tags/節約/index.html
+ /tags/タイピング/index.html
+ /tags/友人/index.html
+ /tags/スイミング/index.html
+ /tags/成長記録/index.html
+ /tags/運動/index.html
+ /tags/筋トレ/index.html
+ /tags/自宅バリスタ/index.html
+ /tags/3人きょうだい/index.html
+ /tags/爆笑エピソード/index.html
+ /tags/小3/index.html
+ /tags/名言/index.html
+ /tags/長男物知り博士好きを深掘り忘れ物番長/index.html
+ /tags/次男長男卒園式言い間違い育児日記子どもの名言/index.html
+ /tags/長男変顔鏡の前での修行長女セルフポートレイト/index.html
+ /tags/長女/page/2/index.html
+ /tags/デジタルリテラシーパニック誰かに相談/index.html
+ /tags/次男マラソン大会子どもの成長育児日記男の子育児/index.html
+ /tags/長男次男育児日記男の子育児小孥5年生子どもの名言/index.html
+ /tags/男の子育児砂場砂のお城無謀謎の距離芋石爆誕/index.html
+ /tags/次男育児日記男の子育児子どもの名言豆知識女の子育児/index.html
+ /tags/次男マラソン大会子どもの成長育児日記ドタバタ母さん家族の時間/index.html
+ /tags/育児筋トレワーママルーティン5時起きドタバタ母さん/index.html
+ /tags/長男長女春休みミッションナマコガチャガチャ子の成長/index.html
+ /tags/長女小学３年生女の子育児子育て日記お風呂タイムドタバタ母さん/index.html
+ /tags/日常/index.html
+ /tags/長女保湿と愛嬌首までが顔女子力見習いたい母オールインワンクリーム/index.html
+ /tags/長男忘れ物番長パソコン鋼のメンタル友達の母からの連絡男子あるある/index.html
+ /tags/リビングはダンスホール３人育児地味にダサい長女完コピ次男こなれ感長男母腹筋崩壊/index.html
+ /tags/4年生/index.html
+ /tags/子どもの成長/index.html
+ /tags/3人育児/index.html
+ /tags/ドタバタ日常/page/2/index.html
+ /posts/page/9/index.html
+ /posts/page/2/index.html
+ /tags/クスッと笑える/index.html
+ /tags/長男/index.html
+ /posts/page/3/index.html
+ /posts/page/5/index.html
+ /posts/page/7/index.html
+ /posts/page/4/index.html
+ /page/6/index.html
+ /sitemap.xml
+ /archives/index.html
+ /tags/クスッと笑える/index.xml
   (truncating changed assets log, set `WRANGLER_LOG=debug` environment variable to see full diff)
Uploaded 49 of 148 assets
Uploaded 98 of 148 assets
Uploaded 148 of 148 assets
✨ Success! Uploaded 148 files (372 already uploaded) (2.83 sec)

Total Upload: 0.33 KiB / gzip: 0.24 KiB
Uploaded my-blog (7.74 sec)
Deployed my-blog triggers (1.20 sec)
  https://my-blog.ayumisenteng.workers.dev
Current Version ID: 7b26f3b4-ee24-4188-8fa4-ba579c5b4d68

🎉 公開作業がすべて完了しました！
数分後に https://3nin-dotabata.com で確認してみてください。
[2026-07-20 09:02:15] 公開開始: content/posts/post-20260518-38.md (【長男編】文具男子のこだわりと、母をキュンとさせた「お兄ちゃんの一面」)
📝 公開する記事: "【長男編】文具男子のこだわりと、母をキュンとさせた「お兄ちゃんの一面」"
📅 公開日を 2026-07-20 に設定します
✅ フロントマターを更新しました
🔨 サイトをビルドしています...
WARN  deprecated: project config key languageCode was deprecated in Hugo v0.158.0 and will be removed in a future release. Use locale instead.
Start building sites … 
hugo v0.162.1+extended+withdeploy darwin/arm64 BuildDate=2026-05-28T17:40:44Z VendorInfo=Homebrew

WARN  deprecated: .Language.LanguageDirection was deprecated in Hugo v0.158.0 and will be removed in a future release. Use .Language.Direction instead.
WARN  deprecated: .Language.LanguageCode was deprecated in Hugo v0.158.0 and will be removed in a future release. Use .Language.Locale instead.

                  │ JA  
──────────────────┼─────
 Pages            │ 543 
 Paginator pages  │  28 
 Non-page files   │   0 
 Static files     │ 238 
 Processed images │   0 
 Aliases          │ 226 
 Cleaned          │   0 

Total in 1806 ms
✅ ビルド完了
[main 3ad9aa3] 記事を公開: "【長男編】文具男子のこだわりと、母をキュンとさせた「お兄ちゃんの一面」"
 274 files changed, 424 insertions(+), 366 deletions(-)
 create mode 100644 public/posts/post-20260518-38/index.html
 create mode 100644 "public/tags/\346\226\207\346\210\277\345\205\267/index.html"
 create mode 100644 "public/tags/\346\226\207\346\210\277\345\205\267/index.xml"
 create mode 100644 "public/tags/\346\226\207\346\210\277\345\205\267/page/1/index.html"
To https://github.com/ayumimblog/my-blog.git
   c47ba19..3ad9aa3  main -> main
✅ git push 完了
🚀 Cloudflareへデプロイしています...

 ⛅️ wrangler 4.112.0
────────────────────
🌀 Building list of assets...
✨ Read 1832 files from the assets directory /Users/moritouayumi/my-blog/public
🌀 Starting asset upload...

[33m▲ [43;33m[[43;30mWARNING[43;33m][0m [1mA fetch request failed, likely due to a connectivity issue.[0m

  
  Common causes:
    - No internet connection or network connectivity problems
    - Firewall or VPN blocking the request
    - Network proxy configuration issues
  
  Please check your network connection and try again.


[31m✘ [41;31m[[41;97mERROR[41;31m][0m [1mfetch failed[0m


[32mIf you think this is a bug then please create an issue at https://github.com/cloudflare/workers-sdk/issues/new/choose[0m
🪵  Logs were written to "/Users/moritouayumi/Library/Preferences/.wrangler/logs/wrangler-2026-07-20_00-02-22_723.log"
⚠️ 失敗しました（1回目）。60秒待って再試行します: npx --yes wrangler@latest deploy

 ⛅️ wrangler 4.112.0
────────────────────
🌀 Building list of assets...
✨ Read 1832 files from the assets directory /Users/moritouayumi/my-blog/public
🌀 Starting asset upload...

[33m▲ [43;33m[[43;30mWARNING[43;33m][0m [1mA fetch request failed, likely due to a connectivity issue.[0m

  
  Common causes:
    - No internet connection or network connectivity problems
    - Firewall or VPN blocking the request
    - Network proxy configuration issues
  
  Please check your network connection and try again.


[31m✘ [41;31m[[41;97mERROR[41;31m][0m [1mfetch failed[0m


[32mIf you think this is a bug then please create an issue at https://github.com/cloudflare/workers-sdk/issues/new/choose[0m
🪵  Logs were written to "/Users/moritouayumi/Library/Preferences/.wrangler/logs/wrangler-2026-07-20_03-22-51_547.log"
⚠️ 失敗しました（2回目）。60秒待って再試行します: npx --yes wrangler@latest deploy

 ⛅️ wrangler 4.112.0
────────────────────
🌀 Building list of assets...
✨ Read 1832 files from the assets directory /Users/moritouayumi/my-blog/public
🌀 Starting asset upload...

[33m▲ [43;33m[[43;30mWARNING[43;33m][0m [1mA fetch request failed, likely due to a connectivity issue.[0m

  
  Common causes:
    - No internet connection or network connectivity problems
    - Firewall or VPN blocking the request
    - Network proxy configuration issues
  
  Please check your network connection and try again.


[31m✘ [41;31m[[41;97mERROR[41;31m][0m [1mfetch failed[0m


[32mIf you think this is a bug then please create an issue at https://github.com/cloudflare/workers-sdk/issues/new/choose[0m
🪵  Logs were written to "/Users/moritouayumi/Library/Preferences/.wrangler/logs/wrangler-2026-07-20_06-25-57_638.log"
❌ 3回試しても失敗しました: npx --yes wrangler@latest deploy
[2026-07-20 17:01:24] 公開失敗: 【長男編】文具男子のこだわりと、母をキュンとさせた「お兄ちゃんの一面」 （詳細は auto-publish.log を確認）
📝 公開する記事: "塩8種類を使い比べてわかった、それぞれの「得意料理」。塩沼住人の正直レビュー"
📅 公開日を 2026-07-21 に設定します
✅ フロントマターを更新しました
🔨 サイトをビルドしています...
WARN  deprecated: project config key languageCode was deprecated in Hugo v0.158.0 and will be removed in a future release. Use locale instead.
Start building sites … 
hugo v0.162.1+extended+withdeploy darwin/arm64 BuildDate=2026-05-28T17:40:44Z VendorInfo=Homebrew

WARN  deprecated: .Language.LanguageDirection was deprecated in Hugo v0.158.0 and will be removed in a future release. Use .Language.Direction instead.
WARN  deprecated: .Language.LanguageCode was deprecated in Hugo v0.158.0 and will be removed in a future release. Use .Language.Locale instead.

                  │ JA  
──────────────────┼─────
 Pages            │ 547 
 Paginator pages  │  28 
 Non-page files   │   0 
 Static files     │ 239 
 Processed images │   0 
 Aliases          │ 227 
 Cleaned          │   0 

Total in 2029 ms
✅ ビルド完了
[main db97d7a] 記事を公開: "塩8種類を使い比べてわかった、それぞれの「得意料理」。塩沼住人の正直レビュー"
 271 files changed, 392 insertions(+), 352 deletions(-)
 create mode 100644 public/posts/shio-8shu-review/index.html
To https://github.com/ayumimblog/my-blog.git
   8e644af..db97d7a  main -> main
✅ git push 完了
🚀 Cloudflareへデプロイしています...

 ⛅️ wrangler 4.112.0
────────────────────
🌀 Building list of assets...
✨ Read 1843 files from the assets directory /Users/moritouayumi/my-blog/public
🌀 Starting asset upload...
🌀 Found 270 new or modified static assets to upload. Proceeding with upload...
+ /tags/晩酌/index.xml
+ /404.html
+ /tags/満足/index.html
+ /tags/爆笑/index.html
+ /tags/憧れ/index.html
+ /tags/入学式/index.html
+ /tags/名言爆誕/index.html
+ /tags/公園/index.html
+ /tags/自立/index.html
+ /tags/歯磨き/index.html
+ /tags/参観会/index.html
+ /tags/シール/index.html
+ /tags/バラード/index.html
+ /tags/花粉のせい/index.html
+ /tags/給食参観/index.html
+ /tags/卒園式/index.html
+ /tags/子育て日記/index.html
+ /tags/男子育児/index.html
+ /tags/gemini/index.html
+ /tags/成長/index.html
+ /tags/次なる目標/index.html
+ /tags/6歳男子-/index.html
+ /tags/コーヒー/index.html
+ /tags/鏡の前での修行/index.html
+ /tags/春祭り/index.html
+ /tags/小学生/index.html
+ /tags/盛った話/index.html
+ /tags/おやすみの儀式/index.html
+ /tags/いろんな確認/index.html
+ /tags/歌舞伎/index.html
+ /tags/朝の風景/index.html
+ /tags/家族の時間/index.html
+ /tags/スタバ再現/index.html
+ /tags/お財布事件簿/index.html
+ /tags/かめはめ波-/index.html
+ /tags/波動の余韻-/index.html
+ /tags/謎の距離/index.html
+ /tags/こだわり強め/index.html
+ /tags/男の子育児--/index.html
+ /tags/長女/page/3/index.html
+ /tags/晩酌タイム/index.html
+ /tags/見習いたい姿/index.html
+ /tags/子の成長/index.html
+ /tags/小孥5年生/index.html
+ /tags/父娘の日常/index.html
+ /tags/アート/index.html
+ /tags/フットクリーム/index.html
+ /tags/5時起き/index.html
+ /tags/ミッション/index.html
+ /tags/スイミング/index.html
+ /tags/親子のはなし/index.html
+ /tags/成長記録/index.html
+ /tags/aiパーソナル/index.html
+ /tags/ガチャガチャ/index.html
+ /tags/完コピ次男/index.html
+ /tags/子どもの発想力/index.html
+ /tags/絶望からの大逆転/index.html
+ /tags/ルーティン/index.html
+ /tags/長男の神フォロー/index.html
+ /tags/無限の可能性/index.html
+ /tags/メディアコントロールデイ/index.html
+ /tags/身の丈に合わないゲーム/index.html
+ /tags/変顔/index.html
+ /tags/忘れ物番長/index.html
+ /tags/保湿と愛嬌/index.html
+ /tags/お弁当/index.html
+ /tags/３人育児/index.html
+ /tags/女の子ママ/index.html
+ /tags/きょうだい/index.html
+ /tags/クスッと笑える/page/2/index.html
+ /tags/デジタルリテラシー/index.html
+ /tags/4年生/index.html
+ /tags/次男/page/3/index.html
+ /tags/6年生/index.html
+ /tags/子育て/index.html
+ /tags/子どもの成長/index.html
+ /posts/page/5/index.html
+ /posts/page/7/index.html
+ /posts/page/8/index.html
+ /posts/page/3/index.html
+ /page/8/index.html
+ /page/4/index.html
+ /tags/長女/index.html
+ /tags/ドタバタ日常/page/2/index.html
+ /posts/page/2/index.html
+ /tags/クスッと笑える/index.html
+ /posts/index.html
+ /posts/post-20260518-38/index.html
+ /tags/index.html
+ /archives/index.html
+ /tags/おうちごはん/index.xml
+ /categories/index.html
+ /tags/67/index.html
+ /tags/入場/index.html
+ /tags/夢遊病/index.html
+ /tags/簡単/index.html
+ /tags/納豆/index.html
+ /tags/女子力/index.html
+ /tags/財布/index.html
+ /tags/ファンサ/index.html
   (truncating changed assets log, set `WRANGLER_LOG=debug` environment variable to see full diff)
Uploaded 90 of 270 assets
Uploaded 180 of 270 assets
Uploaded 270 of 270 assets
✨ Success! Uploaded 270 files (773 already uploaded) (2.18 sec)

Total Upload: 0.33 KiB / gzip: 0.24 KiB
Uploaded my-blog (8.49 sec)
Deployed my-blog triggers (1.06 sec)
  https://my-blog.ayumisenteng.workers.dev
Current Version ID: 1f1188a3-5d05-4751-995b-8670dabc4894

🎉 公開作業がすべて完了しました！
数分後に https://3nin-dotabata.com で確認してみてください。
[2026-07-23 09:03:06] 公開開始: content/posts/post-20260518-44.md (【次男編】小学1年生のピュアさ炸裂！相棒「うさちゃん」との可愛い日々)
📝 公開する記事: "【次男編】小学1年生のピュアさ炸裂！相棒「うさちゃん」との可愛い日々"
📅 公開日を 2026-07-23 に設定します
✅ フロントマターを更新しました
🔨 サイトをビルドしています...
WARN  deprecated: project config key languageCode was deprecated in Hugo v0.158.0 and will be removed in a future release. Use locale instead.
Start building sites … 
hugo v0.162.1+extended+withdeploy darwin/arm64 BuildDate=2026-05-28T17:40:44Z VendorInfo=Homebrew

WARN  deprecated: .Language.LanguageDirection was deprecated in Hugo v0.158.0 and will be removed in a future release. Use .Language.Direction instead.
WARN  deprecated: .Language.LanguageCode was deprecated in Hugo v0.158.0 and will be removed in a future release. Use .Language.Locale instead.

                  │ JA  
──────────────────┼─────
 Pages            │ 551 
 Paginator pages  │  32 
 Non-page files   │   0 
 Static files     │ 241 
 Processed images │   0 
 Aliases          │ 228 
 Cleaned          │   0 

Total in 945 ms
✅ ビルド完了
[main a0b145c] 記事を公開: "【次男編】小学1年生のピュアさ炸裂！相棒「うさちゃん」との可愛い日々"
 281 files changed, 492 insertions(+), 374 deletions(-)
 create mode 100644 public/images/tyonan-piano-koga-wo-oikakete.png
 create mode 100644 public/page/10/index.html
 create mode 100644 public/posts/page/10/index.html
 create mode 100644 public/posts/post-20260518-44/index.html
 create mode 100644 "public/tags/\343\203\211\343\202\277\343\203\220\343\202\277\346\227\245\345\270\270/page/3/index.html"
 create mode 100644 "public/tags/\343\203\232\343\203\263\343\202\261\343\203\274\343\202\271/index.html"
 create mode 100644 "public/tags/\343\203\232\343\203\263\343\202\261\343\203\274\343\202\271/index.xml"
 create mode 100644 "public/tags/\343\203\232\343\203\263\343\202\261\343\203\274\343\202\271/page/1/index.html"
 create mode 100644 "public/tags/\350\202\262\345\205\220\343\201\202\343\202\213\343\201\202\343\202\213/page/3/index.html"
error: RPC failed; curl 55 Recv failure: Connection reset by peer
send-pack: unexpected disconnect while reading sideband packet
fatal: the remote end hung up unexpectedly
Everything up-to-date
⚠️ 失敗しました（1回目）。60秒待って再試行します: git push origin main
error: unable to rewind rpc post data - try increasing http.postBuffer
error: unable to rewind rpc post data - try increasing http.postBuffer
[2026-07-30 09:02:41] 公開開始: content/posts/post-20260531-1.md (【爆笑】長男が熱弁するサッカー新戦術「忍法挟み足」と、母が舐められた日)
📝 公開する記事: "【爆笑】長男が熱弁するサッカー新戦術「忍法挟み足」と、母が舐められた日"
📅 公開日を 2026-07-30 に設定します
✅ フロントマターを更新しました
🔨 サイトをビルドしています...
WARN  deprecated: project config key languageCode was deprecated in Hugo v0.158.0 and will be removed in a future release. Use locale instead.
Start building sites … 
hugo v0.162.1+extended+withdeploy darwin/arm64 BuildDate=2026-05-28T17:40:44Z VendorInfo=Homebrew

WARN  deprecated: .Language.LanguageDirection was deprecated in Hugo v0.158.0 and will be removed in a future release. Use .Language.Direction instead.
WARN  deprecated: .Language.LanguageCode was deprecated in Hugo v0.158.0 and will be removed in a future release. Use .Language.Locale instead.

                  │ JA  
──────────────────┼─────
 Pages            │ 562 
 Paginator pages  │  34 
 Non-page files   │   0 
 Static files     │ 246 
 Processed images │   0 
 Aliases          │ 231 
 Cleaned          │   0 

Total in 1912 ms
✅ ビルド完了
[main d63a633] 記事を公開: "【爆笑】長男が熱弁するサッカー新戦術「忍法挟み足」と、母が舐められた日"
 284 files changed, 447 insertions(+), 400 deletions(-)
 create mode 100644 public/posts/post-20260531-1/index.html
 create mode 100644 "public/tags/\343\202\265\343\203\203\343\202\253\343\203\274/index.html"
 create mode 100644 "public/tags/\343\202\265\343\203\203\343\202\253\343\203\274/index.xml"
 create mode 100644 "public/tags/\343\202\265\343\203\203\343\202\253\343\203\274/page/1/index.html"
To https://github.com/ayumimblog/my-blog.git
   19ae101..d63a633  main -> main
✅ git push 完了
🚀 Cloudflareへデプロイしています...

 ⛅️ wrangler 4.115.0
────────────────────
🌀 Building list of assets...
✨ Read 1900 files from the assets directory /Users/moritouayumi/my-blog/public
🌀 Starting asset upload...
🌀 Found 282 new or modified static assets to upload. Proceeding with upload...
+ /tags/サッカー/page/1/index.html
+ /tags/6年生/index.xml
+ /categories/index.html
+ /tags/裏拳/index.html
+ /tags/牛と豚/index.html
+ /tags/入学式/index.html
+ /tags/名言爆誕/index.html
+ /tags/公園/index.html
+ /tags/自立/index.html
+ /tags/歯磨き/index.html
+ /tags/参観会/index.html
+ /tags/シール/index.html
+ /tags/バラード/index.html
+ /tags/花粉のせい/index.html
+ /tags/給食参観/index.html
+ /tags/卒園式/index.html
+ /tags/子育て日記/index.html
+ /tags/男子育児/index.html
+ /tags/gemini/index.html
+ /tags/成長/index.html
+ /tags/次なる目標/index.html
+ /tags/6歳男子-/index.html
+ /tags/コーヒー/index.html
+ /tags/鏡の前での修行/index.html
+ /tags/春祭り/index.html
+ /tags/小学生/index.html
+ /tags/盛った話/index.html
+ /tags/おやすみの儀式/index.html
+ /tags/いろんな確認/index.html
+ /tags/歌舞伎/index.html
+ /tags/朝の風景/index.html
+ /tags/家族の時間/index.html
+ /tags/スタバ再現/index.html
+ /tags/お財布事件簿/index.html
+ /tags/かめはめ波-/index.html
+ /tags/波動の余韻-/index.html
+ /tags/謎の距離/index.html
+ /tags/こだわり強め/index.html
+ /tags/男の子育児--/index.html
+ /tags/友達/index.html
+ /tags/おじいちゃん/index.html
+ /tags/セルフポートレイト/index.html
+ /tags/静かなる実験/index.html
+ /tags/チート/index.html
+ /tags/鋼のメンタル/index.html
+ /tags/想像力/index.html
+ /tags/パンダの乗り物/index.html
+ /tags/朝の出来事/index.html
+ /tags/洗面所は聖域/index.html
+ /tags/息子のミステリー/index.html
+ /tags/ご褒美作戦/index.html
+ /tags/ワーママ/index.html
+ /tags/キャッシュカード/index.html
+ /tags/誰かに相談/index.html
+ /tags/劇的な筋肉痛/index.html
+ /tags/寝る前の全力投球-/index.html
+ /tags/お菓子パーティー/index.html
+ /tags/育児日記/page/3/index.html
+ /tags/クルトガダイブ/index.html
+ /tags/オールインワンクリーム/index.html
+ /tags/イタリアンブレインロット/index.html
+ /tags/ペンケース/index.html
+ /tags/リビングはダンスホール/index.html
+ /tags/女の子育児/index.html
+ /tags/お風呂タイム/index.html
+ /tags/甥っ子/index.html
+ /tags/３人育児/index.html
+ /tags/女の子ママ/index.html
+ /tags/1年生/index.html
+ /tags/スマホデビュー/index.html
+ /tags/ドタバタ日常/page/3/index.html
+ /tags/子どもの迷言/index.html
+ /tags/長男/page/5/index.html
+ /tags/お土産/index.html
+ /tags/育児あるある/index.xml
+ /tags/お出かけ/index.html
+ /tags/育児あるある/page/3/index.html
+ /page/10/index.html
+ /tags/6年生/index.html
+ /posts/page/8/index.html
+ /page/6/index.html
+ /posts/page/5/index.html
+ /page/5/index.html
+ /posts/page/9/index.html
+ /tags/長男/page/4/index.html
+ /tags/長男/page/3/index.html
+ /posts/page/3/index.html
+ /tags/長男/page/2/index.html
+ /posts/index.html
+ /tags/クスッと笑える/index.html
+ /tags/役立ち情報/index.html
+ /tags/長男/index.xml
+ /sitemap.xml
+ /index.xml
+ /tags/サッカー/index.xml
+ /tags/クスッと笑える/index.xml
+ /tags/満足/index.html
+ /tags/爆笑/index.html
+ /tags/憧れ/index.html
+ /tags/簡単/index.html
   (truncating changed assets log, set `WRANGLER_LOG=debug` environment variable to see full diff)
Asset upload failed. Retrying... 1 of 5 attempts.

Asset upload failed. Retrying... 1 of 5 attempts.

Uploaded 94 of 282 assets
Uploaded 188 of 282 assets
Asset upload failed. Retrying... 1 of 5 attempts.

Uploaded 282 of 282 assets
✨ Success! Uploaded 282 files (793 already uploaded) (2222.07 sec)

Total Upload: 0.33 KiB / gzip: 0.24 KiB
Uploaded my-blog (2227.12 sec)
Deployed my-blog triggers (4513.03 sec)
  https://my-blog.ayumisenteng.workers.dev
Current Version ID: d04d8237-d5ed-47e8-91a7-ecdca13cd400

🎉 公開作業がすべて完了しました！
数分後に https://3nin-dotabata.com で確認してみてください。
[2026-07-30 11:27:45] 公開成功: 【爆笑】長男が熱弁するサッカー新戦術「忍法挟み足」と、母が舐められた日
[2026-08-03 09:06:48] 公開開始: content/posts/post-20260531-72.md (19歳になったら、お兄ちゃんは〇〇する！？次男のピュアすぎる勘違い)
📝 公開する記事: "19歳になったら、お兄ちゃんは〇〇する！？次男のピュアすぎる勘違い"
📅 公開日を 2026-08-03 に設定します
✅ フロントマターを更新しました
🔨 サイトをビルドしています...
WARN  deprecated: project config key languageCode was deprecated in Hugo v0.158.0 and will be removed in a future release. Use locale instead.
Start building sites … 
hugo v0.162.1+extended+withdeploy darwin/arm64 BuildDate=2026-05-28T17:40:44Z VendorInfo=Homebrew

WARN  deprecated: .Language.LanguageDirection was deprecated in Hugo v0.158.0 and will be removed in a future release. Use .Language.Direction instead.
WARN  deprecated: .Language.LanguageCode was deprecated in Hugo v0.158.0 and will be removed in a future release. Use .Language.Locale instead.

                  │ JA  
──────────────────┼─────
 Pages            │ 567 
 Paginator pages  │  37 
 Non-page files   │   0 
 Static files     │ 251 
 Processed images │   0 
 Aliases          │ 231 
 Cleaned          │   0 

Total in 1993 ms
✅ ビルド完了
[main c05da78] 記事を公開: "19歳になったら、お兄ちゃんは〇〇する！？次男のピュアすぎる勘違い"
 286 files changed, 450 insertions(+), 418 deletions(-)
 create mode 100644 public/posts/post-20260531-72/index.html
To https://github.com/ayumimblog/my-blog.git
   fa2b248..c05da78  main -> main
✅ git push 完了
🚀 Cloudflareへデプロイしています...

 ⛅️ wrangler 4.118.0
────────────────────

[33m▲ [43;33m[[43;30mWARNING[43;33m][0m [1mA fetch request failed, likely due to a connectivity issue.[0m

  
  Common causes:
    - No internet connection or network connectivity problems
    - Firewall or VPN blocking the request
    - Network proxy configuration issues
  
  Please check your network connection and try again.


[31m✘ [41;31m[[41;97mERROR[41;31m][0m [1mfetch failed[0m


[32mIf you think this is a bug then please create an issue at https://github.com/cloudflare/workers-sdk/issues/new/choose[0m
🪵  Logs were written to "/Users/moritouayumi/Library/Preferences/.wrangler/logs/wrangler-2026-08-03_00-20-08_133.log"
⚠️ 失敗しました（1回目）。60秒待って再試行します: npx --yes wrangler@latest deploy

 ⛅️ wrangler 4.118.0
────────────────────
🌀 Building list of assets...
✨ Read 1921 files from the assets directory /Users/moritouayumi/my-blog/public
🌀 Starting asset upload...

[33m▲ [43;33m[[43;30mWARNING[43;33m][0m [1mA fetch request failed, likely due to a connectivity issue.[0m

  
  Common causes:
    - No internet connection or network connectivity problems
    - Firewall or VPN blocking the request
    - Network proxy configuration issues
  
  Please check your network connection and try again.


[31m✘ [41;31m[[41;97mERROR[41;31m][0m [1mfetch failed[0m


[32mIf you think this is a bug then please create an issue at https://github.com/cloudflare/workers-sdk/issues/new/choose[0m
🪵  Logs were written to "/Users/moritouayumi/Library/Preferences/.wrangler/logs/wrangler-2026-08-03_05-42-11_138.log"
⚠️ 失敗しました（2回目）。60秒待って再試行します: npx --yes wrangler@latest deploy

 ⛅️ wrangler 4.118.0
────────────────────
🌀 Building list of assets...
✨ Read 1921 files from the assets directory /Users/moritouayumi/my-blog/public
🌀 Starting asset upload...
🌀 Found 284 new or modified static assets to upload. Proceeding with upload...
+ /tags/1年生/index.xml
+ /404.html
+ /tags/67/index.html
+ /tags/入場/index.html
+ /tags/夢遊病/index.html
+ /tags/小3/index.html
+ /tags/リテイク/index.html
+ /tags/豆知識/index.html
+ /tags/名言/index.html
+ /tags/足し算/index.html
+ /tags/母不在/index.html
+ /tags/ノーミス/index.html
+ /tags/物知り博士/index.html
+ /tags/学校行事/index.html
+ /tags/ポツン/index.html
+ /tags/パパ/index.html
+ /tags/大丈夫か/index.html
+ /tags/小学5年生/index.html
+ /tags/砂場/index.html
+ /tags/幻想即興曲/index.html
+ /tags/修了式/index.html
+ /tags/首までが顔/index.html
+ /tags/研修講師/index.html
+ /tags/管理能力/index.html
+ /tags/運動/index.html
+ /tags/お菓子作り/index.html
+ /tags/七夕/index.html
+ /tags/見習いたい母/index.html
+ /tags/憧れの職場/index.html
+ /tags/春休み/index.html
+ /tags/後日談/index.html
+ /tags/言い間違い/index.html
+ /tags/謎の儀式/index.html
+ /tags/宅トレ/index.html
+ /tags/松屋の牛丼/index.html
+ /tags/芋石爆誕/index.html
+ /tags/手作りこたつ/index.html
+ /tags/タイピング/index.html
+ /tags/立派に成長/index.html
+ /tags/育児/index.html
+ /tags/我が家のルール/index.html
+ /tags/季節の行事/index.html
+ /tags/自宅バリスタ/index.html
+ /tags/3人きょうだい/index.html
+ /tags/創造性/index.html
+ /tags/子どもの発想/index.html
+ /tags/ジャックスパロウ/index.html
+ /tags/女子力向上中/index.html
+ /tags/パニック/index.html
+ /tags/おやすみの儀式-/index.html
+ /tags/成長記録/index.html
+ /tags/aiパーソナル/index.html
+ /tags/爆笑エピソード/index.html
+ /tags/母腹筋崩壊/index.html
+ /tags/ブロッコリーご飯/index.html
+ /tags/あみじゃが/index.html
+ /tags/シュールにゆらゆら/index.html
+ /tags/こなれ感長男/index.html
+ /tags/無限の可能性/index.html
+ /tags/メディアコントロールデイ/index.html
+ /tags/サッカー/index.html
+ /tags/母は笑いをこらえるのに必死/index.html
+ /tags/おでかけ/index.html
+ /tags/忘れ物番長/index.html
+ /tags/お風呂タイム/index.html
+ /tags/甥っ子/index.html
+ /tags/笑える話/index.html
+ /tags/公園遊び/index.html
+ /tags/晩酌/index.html
+ /tags/筋トレ/index.html
+ /tags/友人/index.html
+ /tags/男子あるある/index.html
+ /tags/文房具/index.html
+ /tags/ドタバタ日常/index.xml
+ /tags/マラソン大会/index.html
+ /tags/役立ち情報/page/2/index.html
+ /tags/育児あるある/index.xml
+ /tags/6年生/index.html
+ /tags/夏休み/index.html
+ /tags/男の子育児/index.html
+ /posts/page/7/index.html
+ /tags/長女/page/2/index.html
+ /page/8/index.html
+ /tags/育児日記/index.html
+ /tags/長男/page/4/index.html
+ /tags/ドタバタ母さん/index.html
+ /tags/育児日記/page/2/index.html
+ /page/3/index.html
+ /tags/小学生ママ/index.html
+ /tags/育児あるある/page/2/index.html
+ /index.html
+ /page/2/index.html
+ /posts/post-20260531-72/index.html
+ /tags/index.html
+ /archives/index.html
+ /tags/子どもの迷言/index.xml
+ /categories/index.html
+ /tags/裏拳/index.html
+ /tags/牛と豚/index.html
+ /tags/入学式/index.html
   (truncating changed assets log, set `WRANGLER_LOG=debug` environment variable to see full diff)
Asset upload failed. Retrying... 1 of 5 attempts.

Asset upload failed. Retrying... 1 of 5 attempts.

Asset upload failed. Retrying... 1 of 5 attempts.

Asset upload failed. Retrying... 2 of 5 attempts.

Asset upload failed. Retrying... 2 of 5 attempts.

Asset upload failed. Retrying... 3 of 5 attempts.

Asset upload failed. Retrying... 2 of 5 attempts.

Asset upload failed. Retrying... 3 of 5 attempts.

Asset upload failed. Retrying... 4 of 5 attempts.

Asset upload failed. Retrying... 4 of 5 attempts.

Asset upload failed. Retrying... 3 of 5 attempts.

Asset upload failed. Retrying... 4 of 5 attempts.

Asset upload failed. Retrying... 5 of 5 attempts.

Asset upload failed. Retrying... 5 of 5 attempts.

Asset upload failed. Retrying... 5 of 5 attempts.

[31m✘ [41;31m[[41;97mERROR[41;31m][0m [1mUpload took too long.[0m

  Asset upload took too long on bucket 2/3. Please try again.
  Assets already uploaded have been saved, so the next attempt will automatically resume from this point.



[31m✘ [41;31m[[41;97mERROR[41;31m][0m [1mUpload took too long.[0m

  Asset upload took too long on bucket 2/3. Please try again.
  Assets already uploaded have been saved, so the next attempt will automatically resume from this point.


This error originated either by throwing inside of an async function without a catch block, or by rejecting a promise which was not handled with .catch(). The promise rejected with the reason:
Error: Upload took too long.
Asset upload took too long on bucket 2/3. Please try again.
Assets already uploaded have been saved, so the next attempt will automatically resume from this point.
    at doUpload (/Users/moritouayumi/.npm/_npx/d77349f55c2be1c0/node_modules/wrangler/wrangler-dist/cli.js:155221:21)
    at process.processTicksAndRejections (node:internal/process/task_queues:104:5)
    at async /Users/moritouayumi/.npm/_npx/d77349f55c2be1c0/node_modules/wrangler/wrangler-dist/cli.js:136803:30
[31m✘ [41;31m[[41;97mERROR[41;31m][0m [1mUpload took too long.[0m

  Asset upload took too long on bucket 1/3. Please try again.
  Assets already uploaded have been saved, so the next attempt will automatically resume from this point.


This error originated either by throwing inside of an async function without a catch block, or by rejecting a promise which was not handled with .catch(). The promise rejected with the reason:
Error: Upload took too long.
Asset upload took too long on bucket 1/3. Please try again.
Assets already uploaded have been saved, so the next attempt will automatically resume from this point.
    at doUpload (/Users/moritouayumi/.npm/_npx/d77349f55c2be1c0/node_modules/wrangler/wrangler-dist/cli.js:155221:21)
    at process.processTicksAndRejections (node:internal/process/task_queues:104:5)
    at async /Users/moritouayumi/.npm/_npx/d77349f55c2be1c0/node_modules/wrangler/wrangler-dist/cli.js:136803:30
🪵  Logs were written to "/Users/moritouayumi/Library/Preferences/.wrangler/logs/wrangler-2026-08-03_08-12-07_586.log"
❌ 3回試しても失敗しました: npx --yes wrangler@latest deploy
[2026-08-03 20:33:02] 公開失敗: 19歳になったら、お兄ちゃんは〇〇する！？次男のピュアすぎる勘違い （詳細は auto-publish.log を確認）
[2026-08-06 09:12:42] 公開開始: content/posts/post-20260601-5.md (100均で運命の出会い！次男が命名したぬいぐるみの名前が斜め上すぎた話)
📝 公開する記事: "100均で運命の出会い！次男が命名したぬいぐるみの名前が斜め上すぎた話"
📅 公開日を 2026-08-06 に設定します
✅ フロントマターを更新しました
🔨 サイトをビルドしています...
WARN  deprecated: project config key languageCode was deprecated in Hugo v0.158.0 and will be removed in a future release. Use locale instead.
Start building sites … 
hugo v0.162.1+extended+withdeploy darwin/arm64 BuildDate=2026-05-28T17:40:44Z VendorInfo=Homebrew

WARN  deprecated: .Language.LanguageDirection was deprecated in Hugo v0.158.0 and will be removed in a future release. Use .Language.Direction instead.
WARN  deprecated: .Language.LanguageCode was deprecated in Hugo v0.158.0 and will be removed in a future release. Use .Language.Locale instead.

                  │ JA  
──────────────────┼─────
 Pages            │ 581 
 Paginator pages  │  39 
 Non-page files   │   0 
 Static files     │ 255 
 Processed images │   0 
 Aliases          │ 236 
 Cleaned          │   0 

Total in 2030 ms
✅ ビルド完了
[main bab1915c] 記事を公開: "100均で運命の出会い！次男が命名したぬいぐるみの名前が斜め上すぎた話"
 298 files changed, 512 insertions(+), 410 deletions(-)
 create mode 100644 public/images/tyonan-hitori-de-kaeru.png
 create mode 100644 public/posts/post-20260601-5/index.html
 create mode 100644 "public/tags/100\345\235\207/index.html"
 create mode 100644 "public/tags/100\345\235\207/index.xml"
 create mode 100644 "public/tags/100\345\235\207/page/1/index.html"
 create mode 100644 "public/tags/\343\201\254\343\201\204\343\201\220\343\202\213\343\201\277/index.html"
 create mode 100644 "public/tags/\343\201\254\343\201\204\343\201\220\343\202\213\343\201\277/index.xml"
 create mode 100644 "public/tags/\343\201\254\343\201\204\343\201\220\343\202\213\343\201\277/page/1/index.html"
 create mode 100644 "public/tags/\345\255\220\343\201\251\343\202\202\343\201\256\343\203\215\343\203\274\343\203\237\343\203\263\343\202\260\343\202\273\343\203\263\343\202\271/index.html"
 create mode 100644 "public/tags/\345\255\220\343\201\251\343\202\202\343\201\256\343\203\215\343\203\274\343\203\237\343\203\263\343\202\260\343\202\273\343\203\263\343\202\271/index.xml"
 create mode 100644 "public/tags/\345\255\220\343\201\251\343\202\202\343\201\256\343\203\215\343\203\274\343\203\237\343\203\263\343\202\260\343\202\273\343\203\263\343\202\271/page/1/index.html"
 create mode 100644 "public/tags/\350\202\262\345\205\220\343\201\202\343\202\213\343\201\202\343\202\213/page/4/index.html"
To https://github.com/ayumimblog/my-blog.git
   476579b8..bab1915c  main -> main
✅ git push 完了
🚀 Cloudflareへデプロイしています...
npm error code EIDLETIMEOUT
npm error Idle timeout reached for host `registry.npmjs.org:443`
npm error A complete log of this run can be found in: /Users/moritouayumi/.npm/_logs/2026-08-06T00_36_24_105Z-debug-0.log
⚠️ 失敗しました（1回目）。60秒待って再試行します: npx --yes wrangler@latest deploy
/Users/moritouayumi/.npm/_npx/d77349f55c2be1c0/node_modules/workerd/lib/main.js:118
        throw new Error(`The package "${pkg}" could not be found, and is needed by workerd.
        ^

Error: The package "@cloudflare/workerd-darwin-arm64" could not be found, and is needed by workerd.

If you are installing workerd with npm, make sure that you don't specify the
"--no-optional" flag. The "optionalDependencies" package.json feature is used
by workerd to install the correct binary executable for your current platform.
    at generateBinPath (/Users/moritouayumi/.npm/_npx/d77349f55c2be1c0/node_modules/workerd/lib/main.js:118:15)
    at Object.<anonymous> (/Users/moritouayumi/.npm/_npx/d77349f55c2be1c0/node_modules/workerd/lib/main.js:152:19)
    at Module._compile (node:internal/modules/cjs/loader:1829:14)
    at Module._extensions..js (node:internal/modules/cjs/loader:1969:10)
    at Module.load (node:internal/modules/cjs/loader:1552:32)
    at Module._load (node:internal/modules/cjs/loader:1354:12)
    at wrapModuleLoad (node:internal/modules/cjs/loader:255:19)
    at Module.require (node:internal/modules/cjs/loader:1575:12)
    at require (node:internal/modules/helpers:191:16)
    at Object.<anonymous> (/Users/moritouayumi/.npm/_npx/d77349f55c2be1c0/node_modules/miniflare/dist/src/index.js:86620:31)

Node.js v26.0.0
⚠️ 失敗しました（2回目）。60秒待って再試行します: npx --yes wrangler@latest deploy
/Users/moritouayumi/.npm/_npx/d77349f55c2be1c0/node_modules/workerd/lib/main.js:118
        throw new Error(`The package "${pkg}" could not be found, and is needed by workerd.
        ^

Error: The package "@cloudflare/workerd-darwin-arm64" could not be found, and is needed by workerd.

If you are installing workerd with npm, make sure that you don't specify the
"--no-optional" flag. The "optionalDependencies" package.json feature is used
by workerd to install the correct binary executable for your current platform.
    at generateBinPath (/Users/moritouayumi/.npm/_npx/d77349f55c2be1c0/node_modules/workerd/lib/main.js:118:15)
    at Object.<anonymous> (/Users/moritouayumi/.npm/_npx/d77349f55c2be1c0/node_modules/workerd/lib/main.js:152:19)
    at Module._compile (node:internal/modules/cjs/loader:1829:14)
    at Module._extensions..js (node:internal/modules/cjs/loader:1969:10)
    at Module.load (node:internal/modules/cjs/loader:1552:32)
    at Module._load (node:internal/modules/cjs/loader:1354:12)
    at wrapModuleLoad (node:internal/modules/cjs/loader:255:19)
    at Module.require (node:internal/modules/cjs/loader:1575:12)
    at require (node:internal/modules/helpers:191:16)
    at Object.<anonymous> (/Users/moritouayumi/.npm/_npx/d77349f55c2be1c0/node_modules/miniflare/dist/src/index.js:86620:31)

Node.js v26.0.0
❌ 3回試しても失敗しました: npx --yes wrangler@latest deploy
[2026-08-06 14:41:29] 公開失敗: 100均で運命の出会い！次男が命名したぬいぐるみの名前が斜め上すぎた話 （詳細は auto-publish.log を確認）
📝 公開する記事: "「お母さんとだと話しかけづらい」長女の初・友達映画と、100均ネイルの女子力"
📅 公開日を 2026-08-10 に設定します
✅ フロントマターを更新しました
🔨 サイトをビルドしています...
WARN  deprecated: project config key languageCode was deprecated in Hugo v0.158.0 and will be removed in a future release. Use locale instead.
Start building sites … 
hugo v0.162.1+extended+withdeploy darwin/arm64 BuildDate=2026-05-28T17:40:44Z VendorInfo=Homebrew

[2026-08-10 09:07:52] お休み指定日（2026-08-10）のため自動公開をスキップしました。
WARN  deprecated: .Language.LanguageDirection was deprecated in Hugo v0.158.0 and will be removed in a future release. Use .Language.Direction instead.
WARN  deprecated: .Language.LanguageCode was deprecated in Hugo v0.158.0 and will be removed in a future release. Use .Language.Locale instead.

                  │ JA  
──────────────────┼─────
 Pages            │ 583 
 Paginator pages  │  40 
 Non-page files   │   0 
 Static files     │ 260 
 Processed images │   0 
 Aliases          │ 236 
 Cleaned          │   0 

Total in 817 ms
✅ ビルド完了
[main 8d106349] 記事を公開: "「お母さんとだと話しかけづらい」長女の初・友達映画と、100均ネイルの女子力"
 294 files changed, 466 insertions(+), 422 deletions(-)
 create mode 100644 public/images/kokosei-dokyusei-nomikai.png
 create mode 100644 public/posts/tyojo-tomodachi-eiga/index.html
error: unable to rewind rpc post data - try increasing http.postBuffer
error: unable to rewind rpc post data - try increasing http.postBuffer
📝 公開する記事: "「最近、俺すごくない？」お手伝いが定着した夏休み。自信のなかった長男が変わった理由"
📅 公開日を 2026-08-13 に設定します
[2026-08-13 09:03:59] お休み指定日（2026-08-13）のため自動公開をスキップしました。
✅ フロントマターを更新しました
🔨 サイトをビルドしています...
WARN  deprecated: project config key languageCode was deprecated in Hugo v0.158.0 and will be removed in a future release. Use locale instead.
Start building sites … 
hugo v0.162.1+extended+withdeploy darwin/arm64 BuildDate=2026-05-28T17:40:44Z VendorInfo=Homebrew

WARN  deprecated: .Language.LanguageDirection was deprecated in Hugo v0.158.0 and will be removed in a future release. Use .Language.Direction instead.
WARN  deprecated: .Language.LanguageCode was deprecated in Hugo v0.158.0 and will be removed in a future release. Use .Language.Locale instead.

                  │ JA  
──────────────────┼─────
 Pages            │ 584 
 Paginator pages  │  40 
 Non-page files   │   0 
 Static files     │ 261 
 Processed images │   0 
 Aliases          │ 236 
 Cleaned          │   0 

Total in 2201 ms
✅ ビルド完了
[main 9d34a602] 記事を公開: "「最近、俺すごくない？」お手伝いが定着した夏休み。自信のなかった長男が変わった理由"
 294 files changed, 482 insertions(+), 439 deletions(-)
 create mode 100644 public/posts/otetsudai-teichaku-jishin/index.html
To https://github.com/ayumimblog/my-blog.git
   23359a7c..9d34a602  main -> main
✅ git push 完了
🚀 Cloudflareへデプロイしています...
npm error code EIDLETIMEOUT
npm error Idle timeout reached for host `registry.npmjs.org:443`
npm notice
npm notice New major version of npm available! 11.12.1 -> 12.0.2
npm notice Changelog: https://github.com/npm/cli/releases/tag/v12.0.2
npm notice To update run: npm install -g npm@12.0.2
npm notice
npm error A complete log of this run can be found in: /Users/moritouayumi/.npm/_logs/2026-08-13T00_20_04_350Z-debug-0.log
⚠️ 失敗しました（1回目）。60秒待って再試行します: npx --yes wrangler@latest deploy
npm error code EIDLETIMEOUT
npm error Idle timeout reached for host `registry.npmjs.org:443`
npm error A complete log of this run can be found in: /Users/moritouayumi/.npm/_logs/2026-08-13T02_55_06_674Z-debug-0.log
⚠️ 失敗しました（2回目）。60秒待って再試行します: npx --yes wrangler@latest deploy
/Users/moritouayumi/.npm/_npx/d77349f55c2be1c0/node_modules/workerd/lib/main.js:119
        throw new Error(`The package "${pkg}" could not be found, and is needed by workerd.
        ^

Error: The package "@cloudflare/workerd-darwin-arm64" could not be found, and is needed by workerd.

If you are installing workerd with npm, make sure that you don't specify the
"--no-optional" flag. The "optionalDependencies" package.json feature is used
by workerd to install the correct binary executable for your current platform.
    at generateBinPath (/Users/moritouayumi/.npm/_npx/d77349f55c2be1c0/node_modules/workerd/lib/main.js:119:15)
    at Object.<anonymous> (/Users/moritouayumi/.npm/_npx/d77349f55c2be1c0/node_modules/workerd/lib/main.js:153:19)
    at Module._compile (node:internal/modules/cjs/loader:1829:14)
    at Module._extensions..js (node:internal/modules/cjs/loader:1969:10)
    at Module.load (node:internal/modules/cjs/loader:1552:32)
    at Module._load (node:internal/modules/cjs/loader:1354:12)
    at wrapModuleLoad (node:internal/modules/cjs/loader:255:19)
    at Module.require (node:internal/modules/cjs/loader:1575:12)
    at require (node:internal/modules/helpers:191:16)
    at Object.<anonymous> (/Users/moritouayumi/.npm/_npx/d77349f55c2be1c0/node_modules/miniflare/dist/src/index.js:97436:31)

Node.js v26.0.0
❌ 3回試しても失敗しました: npx --yes wrangler@latest deploy
[2026-08-17 09:06:25] お休み指定日（2026-08-17）のため自動公開をスキップしました。
📝 公開する記事: "出会って30年、なのに「先週会った？」高校の同級生と1年ぶりに飲んだお盆の夜"
📅 公開日を 2026-08-17 に設定します
✅ フロントマターを更新しました
🔨 サイトをビルドしています...
WARN  deprecated: project config key languageCode was deprecated in Hugo v0.158.0 and will be removed in a future release. Use locale instead.
Start building sites … 
hugo v0.162.1+extended+withdeploy darwin/arm64 BuildDate=2026-05-28T17:40:44Z VendorInfo=Homebrew

WARN  deprecated: .Language.LanguageDirection was deprecated in Hugo v0.158.0 and will be removed in a future release. Use .Language.Direction instead.
WARN  deprecated: .Language.LanguageCode was deprecated in Hugo v0.158.0 and will be removed in a future release. Use .Language.Locale instead.

                  │ JA  
──────────────────┼─────
 Pages            │ 586 
 Paginator pages  │  42 
 Non-page files   │   0 
 Static files     │ 262 
 Processed images │   0 
 Aliases          │ 236 
 Cleaned          │   0 

Total in 2111 ms
✅ ビルド完了
[main 706b91f1] 記事を公開: "出会って30年、なのに「先週会った？」高校の同級生と1年ぶりに飲んだお盆の夜"
 295 files changed, 458 insertions(+), 424 deletions(-)
 create mode 100644 public/images/dokusho-kansobun-tyojo-support.png
 create mode 100644 public/posts/kokosei-dokyusei-nomikai/index.html
error: RPC failed; curl 55 Recv failure: Connection reset by peer
send-pack: unexpected disconnect while reading sideband packet
fatal: the remote end hung up unexpectedly
Everything up-to-date
⚠️ 失敗しました（1回目）。60秒待って再試行します: git push origin main
To https://github.com/ayumimblog/my-blog.git
   6bf0b362..706b91f1  main -> main
✅ git push 完了
🚀 Cloudflareへデプロイしています...

 ⛅️ wrangler 4.123.0
────────────────────
🌀 Building list of assets...
✨ Read 1990 files from the assets directory /Users/moritouayumi/my-blog/public
🌀 Starting asset upload...
🌀 Found 292 new or modified static assets to upload. Proceeding with upload...
+ /tags/友人/index.xml
+ /categories/index.html
+ /tags/裏拳/index.html
+ /tags/牛と豚/index.html
+ /tags/入学式/index.html
+ /tags/名言爆誕/index.html
+ /tags/公園/index.html
+ /tags/自立/index.html
+ /tags/歯磨き/index.html
+ /tags/参観会/index.html
+ /tags/シール/index.html
+ /tags/バラード/index.html
+ /tags/花粉のせい/index.html
+ /tags/給食参観/index.html
+ /tags/卒園式/index.html
+ /tags/子育て日記/index.html
+ /tags/男子育児/index.html
+ /tags/gemini/index.html
+ /tags/成長/index.html
+ /tags/次なる目標/index.html
+ /tags/6歳男子-/index.html
+ /tags/コーヒー/index.html
+ /tags/鏡の前での修行/index.html
+ /tags/春祭り/index.html
+ /tags/100均/index.html
+ /tags/お菓子作り/index.html
+ /tags/七夕/index.html
+ /tags/見習いたい母/index.html
+ /tags/憧れの職場/index.html
+ /tags/春休み/index.html
+ /tags/後日談/index.html
+ /tags/言い間違い/index.html
+ /tags/謎の儀式/index.html
+ /tags/宅トレ/index.html
+ /tags/松屋の牛丼/index.html
+ /tags/芋石爆誕/index.html
+ /tags/手作りこたつ/index.html
+ /tags/タイピング/index.html
+ /tags/立派に成長/index.html
+ /tags/育児/index.html
+ /tags/我が家のルール/index.html
+ /tags/季節の行事/index.html
+ /tags/自宅バリスタ/index.html
+ /tags/3人きょうだい/index.html
+ /tags/創造性/index.html
+ /tags/子どもの発想/index.html
+ /tags/ジャックスパロウ/index.html
+ /tags/女子力向上中/index.html
+ /tags/パニック/index.html
+ /tags/おやすみの儀式-/index.html
+ /tags/成長記録/index.html
+ /tags/aiパーソナル/index.html
+ /tags/ガチャガチャ/index.html
+ /tags/完コピ次男/index.html
+ /tags/子どもの発想力/index.html
+ /tags/絶望からの大逆転/index.html
+ /tags/ルーティン/index.html
+ /tags/長男の神フォロー/index.html
+ /tags/友達の母からの連絡/index.html
+ /tags/感情のコントロール/index.html
+ /tags/イタリアンブレインロット/index.html
+ /tags/ペンケース/index.html
+ /tags/母は笑いをこらえるのに必死/index.html
+ /tags/変顔/index.html
+ /tags/忘れ物番長/index.html
+ /tags/保湿と愛嬌/index.html
+ /tags/お弁当/index.html
+ /tags/３人育児/index.html
+ /tags/女の子ママ/index.html
+ /tags/きょうだい/index.html
+ /tags/ロブロックス/index.html
+ /tags/4年生/index.html
+ /tags/お土産/index.html
+ /tags/子どもの迷言/index.html
+ /tags/マラソン大会/index.html
+ /tags/育児あるある/page/4/index.html
+ /tags/3人育児/index.html
+ /tags/ドタバタ日常/index.xml
+ /tags/子育て/index.html
+ /tags/次男/page/3/index.html
+ /page/7/index.html
+ /posts/page/9/index.html
+ /page/9/index.html
+ /tags/長男/page/4/index.html
+ /posts/page/6/index.html
+ /tags/ドタバタ母さん/index.html
+ /tags/ドタバタ日常/page/3/index.html
+ /posts/page/4/index.html
+ /tags/育児あるある/page/3/index.html
+ /tags/次男/index.html
+ /tags/長男/page/2/index.html
+ /tags/長男/index.html
+ /tags/子どもの成長/index.html
+ /posts/page/3/index.html
+ /tags/役立ち情報/index.html
+ /posts/natuyasumi-shukudai-kobetsu-taio/index.html
+ /posts/index.xml
+ /archives/index.html
+ /tags/子育て/index.xml
+ /tags/満足/index.html
   (truncating changed assets log, set `WRANGLER_LOG=debug` environment variable to see full diff)
Asset upload failed. Retrying... 1 of 5 attempts.

Asset upload failed. Retrying... 1 of 5 attempts.

Asset upload failed. Retrying... 1 of 5 attempts.

Uploaded 97 of 292 assets
Uploaded 194 of 292 assets
Uploaded 292 of 292 assets
✨ Success! Uploaded 292 files (836 already uploaded) (64.23 sec)

Total Upload: 0.33 KiB / gzip: 0.24 KiB
Uploaded my-blog (70.28 sec)
Deployed my-blog triggers (0.91 sec)
  https://my-blog.ayumisenteng.workers.dev
Current Version ID: 3ddf5681-0083-48bf-9763-47039785b63a

🎉 公開作業がすべて完了しました！
数分後に https://3nin-dotabata.com で確認してみてください。
[2026-08-20 09:03:14] お休み指定日（2026-08-20）のため自動公開をスキップしました。
📝 公開する記事: "「字は上手じゃなくてもいいんだよ」小4長女の声かけが、母よりずっと上手だった日"
📅 公開日を 2026-08-20 に設定します
✅ フロントマターを更新しました
🔨 サイトをビルドしています...
WARN  deprecated: project config key languageCode was deprecated in Hugo v0.158.0 and will be removed in a future release. Use locale instead.
Start building sites … 
hugo v0.162.1+extended+withdeploy darwin/arm64 BuildDate=2026-05-28T17:40:44Z VendorInfo=Homebrew

WARN  deprecated: .Language.LanguageDirection was deprecated in Hugo v0.158.0 and will be removed in a future release. Use .Language.Direction instead.
WARN  deprecated: .Language.LanguageCode was deprecated in Hugo v0.158.0 and will be removed in a future release. Use .Language.Locale instead.

                  │ JA  
──────────────────┼─────
 Pages            │ 588 
 Paginator pages  │  44 
 Non-page files   │   0 
 Static files     │ 263 
 Processed images │   0 
 Aliases          │ 236 
 Cleaned          │   0 

Total in 2165 ms
✅ ビルド完了
[main 455d0677] 記事を公開: "「字は上手じゃなくてもいいんだよ」小4長女の声かけが、母よりずっと上手だった日"
 299 files changed, 494 insertions(+), 457 deletions(-)
 create mode 100644 public/posts/dokusho-kansobun-tyojo-support/index.html
To https://github.com/ayumimblog/my-blog.git
   f4211f0e..455d0677  main -> main
✅ git push 完了
🚀 Cloudflareへデプロイしています...

 ⛅️ wrangler 4.124.0
────────────────────

Cloudflare collects anonymous telemetry about your usage of Wrangler. Learn more at https://github.com/cloudflare/workers-sdk/tree/main/packages/wrangler/telemetry.md
🌀 Building list of assets...
✨ Read 1999 files from the assets directory /Users/moritouayumi/my-blog/public
🌀 Starting asset upload...
🌀 Found 296 new or modified static assets to upload. Proceeding with upload...
+ /404.html
+ /tags/満足/index.html
+ /tags/爆笑/index.html
+ /tags/憧れ/index.html
+ /tags/簡単/index.html
+ /tags/納豆/index.html
+ /tags/女子力/index.html
+ /tags/財布/index.html
+ /tags/ファンサ/index.html
+ /tags/型抜き/index.html
+ /tags/踏み絵/index.html
+ /tags/食育/index.html
+ /tags/グータッチ/index.html
+ /tags/休日/index.html
+ /tags/反省/index.html
+ /tags/緊張感ゼロ/index.html
+ /tags/男子育児/index.html
+ /tags/gemini/index.html
+ /tags/成長/index.html
+ /tags/次なる目標/index.html
+ /tags/6歳男子-/index.html
+ /tags/コーヒー/index.html
+ /tags/鏡の前での修行/index.html
+ /tags/春祭り/index.html
+ /tags/100均/index.html
+ /tags/お菓子作り/index.html
+ /tags/七夕/index.html
+ /tags/見習いたい母/index.html
+ /tags/憧れの職場/index.html
+ /tags/春休み/index.html
+ /tags/後日談/index.html
+ /tags/言い間違い/index.html
+ /tags/格差社会/index.html
+ /tags/ランチビュッフェ/index.html
+ /tags/抹茶トリュフ/index.html
+ /tags/砂のお城/index.html
+ /tags/冬の過ごし方/index.html
+ /tags/ずる賢い/index.html
+ /tags/ありがとう/index.html
+ /tags/晩酌タイム/index.html
+ /tags/見習いたい姿/index.html
+ /tags/子の成長/index.html
+ /tags/小孥5年生/index.html
+ /tags/父娘の日常/index.html
+ /tags/アート/index.html
+ /tags/フットクリーム/index.html
+ /tags/5時起き/index.html
+ /tags/ミッション/index.html
+ /tags/スイミング/index.html
+ /tags/親子のはなし/index.html
+ /tags/スケーターズワルツ/index.html
+ /tags/夜のスカイダイビング/index.html
+ /tags/ぬいぐるみ/index.html
+ /tags/誰かに相談/index.html
+ /tags/劇的な筋肉痛/index.html
+ /tags/寝る前の全力投球-/index.html
+ /tags/お菓子パーティー/index.html
+ /tags/育児日記/page/3/index.html
+ /tags/クルトガダイブ/index.html
+ /tags/オールインワンクリーム/index.html
+ /tags/仕事/index.html
+ /tags/サッカー/index.html
+ /tags/身の丈に合わないゲーム/index.html
+ /tags/リビングはダンスホール/index.html
+ /tags/女の子育児/index.html
+ /tags/お風呂タイム/index.html
+ /tags/甥っ子/index.html
+ /tags/３人育児/index.html
+ /tags/女の子ママ/index.html
+ /tags/きょうだい/index.html
+ /tags/ロブロックス/index.html
+ /tags/4年生/index.html
+ /tags/お土産/index.html
+ /tags/子どもの迷言/index.html
+ /page/12/index.html
+ /tags/お出かけ/index.html
+ /tags/子どもの成長/page/2/index.html
+ /tags/6年生/index.html
+ /tags/夏休み/page/2/index.html
+ /posts/page/8/index.html
+ /tags/男の子育児/index.html
+ /page/7/index.html
+ /posts/page/6/index.html
+ /page/6/index.html
+ /tags/ドタバタ母さん/index.html
+ /posts/page/11/index.html
+ /tags/ドタバタ日常/page/3/index.html
+ /tags/クスッと笑える/page/2/index.html
+ /page/4/index.html
+ /tags/長男/page/2/index.html
+ /tags/次男/index.html
+ /posts/page/2/index.html
+ /page/2/index.html
+ /tags/子どもの成長/index.html
+ /tags/クスッと笑える/index.html
+ /tags/役立ち情報/index.html
+ /posts/tyonan-kateika-tearai-sentaku/index.html
+ /posts/index.xml
+ /archives/index.html
+ /categories/index.html
   (truncating changed assets log, set `WRANGLER_LOG=debug` environment variable to see full diff)
Uploaded 98 of 296 assets
Uploaded 197 of 296 assets
Uploaded 296 of 296 assets
✨ Success! Uploaded 296 files (837 already uploaded) (2.97 sec)

Total Upload: 0.33 KiB / gzip: 0.24 KiB
Uploaded my-blog (9.01 sec)
Deployed my-blog triggers (0.86 sec)
  https://my-blog.ayumisenteng.workers.dev
Current Version ID: 8a9eb2e5-f0e5-4bd1-b581-ebde4961c6b0

🎉 公開作業がすべて完了しました！
数分後に https://3nin-dotabata.com で確認してみてください。
[2026-08-24 09:05:12] 公開開始: content/posts/makkurameiro-jinan.md (真っ暗迷路、堂々の棄権！次男が見せた潔すぎる「❌ポーズ」に感動した話)
📝 公開する記事: "真っ暗迷路、堂々の棄権！次男が見せた潔すぎる「❌ポーズ」に感動した話"
📅 公開日を 2026-08-24 に設定します
✅ フロントマターを更新しました
🔨 サイトをビルドしています...
WARN  deprecated: project config key languageCode was deprecated in Hugo v0.158.0 and will be removed in a future release. Use locale instead.
Start building sites … 
hugo v0.162.1+extended+withdeploy darwin/arm64 BuildDate=2026-05-28T17:40:44Z VendorInfo=Homebrew

WARN  deprecated: .Language.LanguageDirection was deprecated in Hugo v0.158.0 and will be removed in a future release. Use .Language.Direction instead.
WARN  deprecated: .Language.LanguageCode was deprecated in Hugo v0.158.0 and will be removed in a future release. Use .Language.Locale instead.

                  │ JA  
──────────────────┼─────
 Pages            │ 590 
 Paginator pages  │  44 
 Non-page files   │   0 
 Static files     │ 265 
 Processed images │   0 
 Aliases          │ 236 
 Cleaned          │   0 

Total in 2660 ms
✅ ビルド完了
[main c8f60eb9] 記事を公開: "真っ暗迷路、堂々の棄権！次男が見せた潔すぎる「❌ポーズ」に感動した話"
 297 files changed, 481 insertions(+), 444 deletions(-)
 create mode 100644 public/posts/makkurameiro-jinan/index.html
To https://github.com/ayumimblog/my-blog.git
   30e87007..c8f60eb9  main -> main
✅ git push 完了
🚀 Cloudflareへデプロイしています...

 ⛅️ wrangler 4.125.0
────────────────────

[33m▲ [43;33m[[43;30mWARNING[43;33m][0m [1mA fetch request failed, likely due to a connectivity issue.[0m

  
  Common causes:
    - No internet connection or network connectivity problems
    - Firewall or VPN blocking the request
    - Network proxy configuration issues
  
  Please check your network connection and try again.


[31m✘ [41;31m[[41;97mERROR[41;31m][0m [1mfetch failed[0m


[32mIf you think this is a bug then please create an issue at https://github.com/cloudflare/workers-sdk/issues/new/choose[0m
🪵  Logs were written to "/Users/moritouayumi/Library/Preferences/.wrangler/logs/wrangler-2026-08-24_00-16-26_756.log"
⚠️ 失敗しました（1回目）。60秒待って再試行します: npx --yes wrangler@latest deploy

 ⛅️ wrangler 4.125.0
────────────────────
🌀 Building list of assets...
✨ Read 2005 files from the assets directory /Users/moritouayumi/my-blog/public
🌀 Starting asset upload...
🌀 Found 295 new or modified static assets to upload. Proceeding with upload...
+ /tags/おでかけ/index.xml
+ /tags/満足/index.html
+ /tags/爆笑/index.html
+ /tags/憧れ/index.html
+ /tags/簡単/index.html
+ /tags/納豆/index.html
+ /tags/女子力/index.html
+ /tags/財布/index.html
+ /tags/ファンサ/index.html
+ /tags/型抜き/index.html
+ /tags/シール/index.html
+ /tags/バラード/index.html
+ /tags/花粉のせい/index.html
+ /tags/給食参観/index.html
+ /tags/卒園式/index.html
+ /tags/子育て日記/index.html
+ /tags/男子育児/index.html
+ /tags/gemini/index.html
+ /tags/成長/index.html
+ /tags/次なる目標/index.html
+ /tags/6歳男子-/index.html
+ /tags/コーヒー/index.html
+ /tags/鏡の前での修行/index.html
+ /tags/春祭り/index.html
+ /tags/100均/index.html
+ /tags/お菓子作り/index.html
+ /tags/七夕/index.html
+ /tags/見習いたい母/index.html
+ /tags/憧れの職場/index.html
+ /tags/春休み/index.html
+ /tags/後日談/index.html
+ /tags/言い間違い/index.html
+ /tags/謎の儀式/index.html
+ /tags/宅トレ/index.html
+ /tags/松屋の牛丼/index.html
+ /tags/芋石爆誕/index.html
+ /tags/手作りこたつ/index.html
+ /tags/タイピング/index.html
+ /tags/立派に成長/index.html
+ /tags/育児/index.html
+ /tags/我が家のルール/index.html
+ /tags/季節の行事/index.html
+ /tags/自宅バリスタ/index.html
+ /tags/3人きょうだい/index.html
+ /tags/創造性/index.html
+ /tags/子どもの発想/index.html
+ /tags/ジャックスパロウ/index.html
+ /tags/女子力向上中/index.html
+ /tags/パニック/index.html
+ /tags/おやすみの儀式-/index.html
+ /tags/成長記録/index.html
+ /tags/aiパーソナル/index.html
+ /tags/ガチャガチャ/index.html
+ /tags/完コピ次男/index.html
+ /tags/子どもの発想力/index.html
+ /tags/絶望からの大逆転/index.html
+ /tags/ルーティン/index.html
+ /tags/長男の神フォロー/index.html
+ /tags/友達の母からの連絡/index.html
+ /tags/感情のコントロール/index.html
+ /tags/イタリアンブレインロット/index.html
+ /tags/ペンケース/index.html
+ /tags/母は笑いをこらえるのに必死/index.html
+ /tags/変顔/index.html
+ /tags/日常/index.html
+ /tags/パソコン/index.html
+ /tags/笑える話/index.html
+ /tags/公園遊び/index.html
+ /tags/長男/page/6/index.html
+ /tags/きょうだい/index.html
+ /tags/クスッと笑える/page/3/index.html
+ /tags/4年生/index.html
+ /tags/お土産/index.html
+ /tags/子どもの迷言/index.html
+ /tags/子どもの名言/index.html
+ /tags/1年生/index.html
+ /page/12/index.html
+ /tags/次男/page/4/index.html
+ /tags/育児あるある/page/4/index.html
+ /posts/page/8/index.html
+ /tags/男の子育児/index.html
+ /tags/次男/page/3/index.html
+ /tags/育児日記/index.html
+ /posts/page/9/index.html
+ /page/11/index.html
+ /tags/長女/page/2/index.html
+ /posts/page/5/index.html
+ /posts/index.html
+ /tags/小学生ママ/index.html
+ /posts/page/2/index.html
+ /tags/夏休み/index.html
+ /tags/役立ち情報/index.html
+ /posts/page/4/index.html
+ /page/4/index.html
+ /tags/育児あるある/page/2/index.html
+ /tags/ドタバタ日常/page/2/index.html
+ /posts/tyonan-kansobun-output/index.html
+ /posts/index.xml
+ /archives/index.html
+ /404.html
   (truncating changed assets log, set `WRANGLER_LOG=debug` environment variable to see full diff)
Uploaded 98 of 295 assets
Uploaded 196 of 295 assets
Uploaded 295 of 295 assets
✨ Success! Uploaded 295 files (842 already uploaded) (2.86 sec)

Total Upload: 0.33 KiB / gzip: 0.24 KiB
Uploaded my-blog (476.07 sec)

[33m▲ [43;33m[[43;30mWARNING[43;33m][0m [1mA fetch request failed, likely due to a connectivity issue.[0m

  
  Common causes:
    - No internet connection or network connectivity problems
    - Firewall or VPN blocking the request
    - Network proxy configuration issues
  
  Please check your network connection and try again.


[31m✘ [41;31m[[41;97mERROR[41;31m][0m [1mfetch failed[0m


[32mIf you think this is a bug then please create an issue at https://github.com/cloudflare/workers-sdk/issues/new/choose[0m
🪵  Logs were written to "/Users/moritouayumi/Library/Preferences/.wrangler/logs/wrangler-2026-08-24_05-13-29_520.log"
⚠️ 失敗しました（2回目）。60秒待って再試行します: npx --yes wrangler@latest deploy

 ⛅️ wrangler 4.125.0
────────────────────

[31m✘ [41;31m[[41;97mERROR[41;31m][0m [1mIn a non-interactive environment, it's necessary to set a CLOUDFLARE_API_TOKEN environment variable for wrangler to work. Please go to https://developers.cloudflare.com/fundamentals/api/get-started/create-token/ for instructions on how to create an api token, and assign its value to CLOUDFLARE_API_TOKEN.[0m

  
  To continue without logging in, rerun this command with `--temporary`. Wrangler will use a temporary account and print a claim URL.


🪵  Logs were written to "/Users/moritouayumi/Library/Preferences/.wrangler/logs/wrangler-2026-08-24_09-59-10_177.log"
❌ 3回試しても失敗しました: npx --yes wrangler@latest deploy
[2026-08-24 19:12:32] 公開失敗: 真っ暗迷路、堂々の棄権！次男が見せた潔すぎる「❌ポーズ」に感動した話 （詳細は auto-publish.log を確認）
